ID,Photo,Title,Brand,Price,URL,Currency,Fetch_Date,Item_Date
5313390838,https://images1.vinted.net/t/02_005f4_CUx879Qk7NJb3yPEm1jZ8PL1/f800/1730485280.jpeg?s=f0a003a71231a062ee2cd942226bfd6e526e092e,Schneestiefel gef√ºtterte Gummistiefel Gr. 22,Sonstiges,3.0,https://www.vinted.de/items/5313390838-schneestiefel-gefutterte-gummistiefel-gr-22,EUR,2024-11-01 19:21:26,2024-04-30
5313391027,https://images1.vinted.net/t/01_013be_WdRqKtzxQVnW1AE2GGVuUHx9/f800/1730485282.jpeg?s=2b760aade11d284524272e399a12c55a762606ba,Jogginghose,season6,12.0,https://www.vinted.de/items/5313391027-jogginghose,EUR,2024-11-01 19:21:26,2024-04-30
5313390969,https://images1.vinted.net/t/04_0225e_G7kaRkSBz8YMBY9p47xfh4Qe/f800/1730485282.jpeg?s=4b63ac6693589f9b5ac163e3e1352f14f172085a,Adidas Spezial,adidas,75.0,https://www.vinted.de/items/5313390969-adidas-spezial,EUR,2024-11-01 19:21:26,2024-04-30
5313390715,https://images1.vinted.net/t/04_002d9_8TN7P7WiXAJvDMuejFXMXUc4/f800/1730485278.jpeg?s=28fbdb402c8ad70c95a50c48677347de4b6d0eb4,H&M Bluse blau,H&M,4.0,https://www.vinted.de/items/5313390715-hm-bluse-blau,EUR,2024-11-01 19:21:26,2024-04-30
5313390787,https://images1.vinted.net/t/02_01188_74uVvsj9R7jQN7xXP2Gkuuf3/f800/1730485279.jpeg?s=7e76791f173a042645fe53639ad2797393d5ebef,Love Moschino T-Shirt,Love Moschino,20.0,https://www.vinted.de/items/5313390787-love-moschino-t-shirt,EUR,2024-11-01 19:21:27,2024-04-30
5313390786,https://images1.vinted.net/t/01_006d8_6aoVWfLXtoMDMGz8pQZsJGnw/f800/1730485279.jpeg?s=6d5db978a3d33d6364ea964a12500ad92b287c29,Timberland stiefel gr 32,Timberland,59.0,https://www.vinted.de/items/5313390786-timberland-stiefel-gr-32,EUR,2024-11-01 19:21:27,2024-04-30
5313390950,https://images1.vinted.net/t/04_01885_4uW571cNadoRo72GmAikSBcN/f800/1730485282.jpeg?s=87892981bcc4f0949ce05149ad18e3983ebbf4c6,Tshirt,Janina,2.0,https://www.vinted.de/items/5313390950-tshirt,EUR,2024-11-01 19:21:27,2024-04-30
5313390916,https://images1.vinted.net/t/03_0238a_GW68iTVc3qwpCbMQkDMA4gMm/f800/1730485281.jpeg?s=80c655ff78d4198d8bb9c646842a035641ac69f5,Schlaghose schwarz wei√ü Cotton Club,Cotton Club,5.9,https://www.vinted.de/items/5313390916-schlaghose-schwarz-weiss-cotton-club,EUR,2024-11-01 19:21:27,2024-04-30
5313390612,https://images1.vinted.net/t/04_01580_FUUU4zBcQ97YBdYwsTMxTxwd/f800/1730485277.jpeg?s=5fab66f22e9fa710fd41ae98a4fe1185bb44a07a,Stanley & Stella Drummer 2.0 Sweatshirt Anthrazit Gr√∂√üe M,Stanley/Stella,25.0,https://www.vinted.de/items/5313390612-stanley-stella-drummer-20-sweatshirt-anthrazit-grosse-m,EUR,2024-11-01 19:21:27,2024-04-30
5313390877,https://images1.vinted.net/t/04_00856_gvKi2rca12LM42Hxn6Sisy8z/f800/1730485281.jpeg?s=71e46aaa06f587dfaed9f52daa0461efa609c71f,Kein Kinderkram! Teil 2,,10.0,https://www.vinted.de/items/5313390877-kein-kinderkram-teil-2,EUR,2024-11-01 19:21:27,2024-04-30
5313390759,https://images1.vinted.net/t/02_0120c_AA4v9NDVWeo16s2cv3mPdLHX/f800/1730485279.jpeg?s=62657ab9a863e0a4a8fc76d6426674ec19abf2a4,Topomini T-Shirt Gr.104 M√§dchen,Topomini,2.5,https://www.vinted.de/items/5313390759-topomini-t-shirt-gr104-madchen,EUR,2024-11-01 19:21:27,2024-04-30
5313390949,https://images1.vinted.net/t/04_00c34_acGPArVkfCSvXQ2KfHJJSc9Z/f800/1730485282.jpeg?s=77805e4620668d14b1ed3810478b4cd494b5fa9c,Musselin Hose,Handarbeit,5.0,https://www.vinted.de/items/5313390949-musselin-hose,EUR,2024-11-01 19:21:27,2024-04-30
5313390756,https://images1.vinted.net/t/03_011e2_oUbGbUsZRWCKMMh7nW5w3FAF/f800/1730485279.jpeg?s=522f5b1d23da61e84d3cb838181bb0252d14eb70,√úbergangsjacke,Kiki & Koko,8.0,https://www.vinted.de/items/5313390756-ubergangsjacke,EUR,2024-11-01 19:21:27,2024-04-30
5313390942,https://images1.vinted.net/t/01_025bb_AAkhPNCJ4asJ8ynxRRHZKrp8/f800/1730485282.jpeg?s=15af646e17f0ac3369de5138825f1c3de888cf41,Weihnachtsbaumschmuck,sonstige,5.0,https://www.vinted.de/items/5313390942-weihnachtsbaumschmuck,EUR,2024-11-01 19:21:27,2024-04-30
5313390829,https://images1.vinted.net/t/04_004ba_zZwtqDa7DARvYGtBoDGgGtVg/f800/1730485280.jpeg?s=24df8f174db7fc3fa83fc98095cf034b2f208f9d,"Patagonia, Gore, 3Lagen, wasser- und windichte Jacke",Patagonia,60.0,https://www.vinted.de/items/5313390829-patagonia-gore-3lagen-wasser-und-windichte-jacke,EUR,2024-11-01 19:21:27,2024-04-30
5313390723,https://images1.vinted.net/t/04_017a3_m61DbnKCnReNcWm4yiTQH7ZP/f800/1730485279.jpeg?s=753502b9e7fe5cea907bc06050836a66d6ea6985,Boleroj√§ckchen von juhu& Christine,Juju & Christine,10.0,https://www.vinted.de/items/5313390723-bolerojackchen-von-juhu-christine,EUR,2024-11-01 19:21:28,2024-04-30
5313390478,https://images1.vinted.net/t/04_015ba_f8F2PiijCEPEKo3vc7Kqqh3Q/f800/1730485276.jpeg?s=f62f2c5ce6987ed5b09bbc497b45597a03342d31,Bob der B√§r Thermohose Hose Fleece warm pink Herz Gr. 122 ++ TOP ++,Bob der B√§r,14.0,https://www.vinted.de/items/5313390478-bob-der-bar-thermohose-hose-fleece-warm-pink-herz-gr-122-top,EUR,2024-11-01 19:21:28,2024-04-30
5313390827,https://images1.vinted.net/t/02_013a9_dAQBy2ah4w4oH77jCS1j999E/f800/1730485280.jpeg?s=3bbea1216bd14fec700fca217cf83d7bf5e05b46,Biete Kinderwintermantel Gr√∂√üe 110,Ernsting's family,8.0,https://www.vinted.de/items/5313390827-biete-kinderwintermantel-grosse-110,EUR,2024-11-01 19:21:28,2024-04-30
5313390729,https://images1.vinted.net/t/04_01f4d_z7cYTiuGmCs4KkeCa3hvGmMv/f800/1730485279.jpeg?s=839de1db8f225eb4f4ff71060f26b2b8f979b3f2,Levi‚Äôs jeans 721 slim,Levi's,15.0,https://www.vinted.de/items/5313390729-levis-jeans-721-slim,EUR,2024-11-01 19:21:28,2024-04-30
5313390731,https://images1.vinted.net/t/04_0023a_PcxvQpzwQCkq9D9JWJ3e5R4B/f800/1730485279.jpeg?s=ebfcbf1054ce8228aab2715e3edb5d408b4728a4,OberSelters truck/ Werbetruck/ sammeln,Sonstiges,2.5,https://www.vinted.de/items/5313390731-oberselters-truck-werbetruck-sammeln,EUR,2024-11-01 19:21:28,2024-04-30
5313390332,https://images1.vinted.net/t/04_02563_wWb2JjAnoh3tUkYD3W4UM61X/f800/1730485274.jpeg?s=8dab6fb1e7c5d78c9df3bf0243cddb7f9406bab3,Tamaris Damen Stiefel Boots Gr 36 Echtleder,Tamaris,29.0,https://www.vinted.de/items/5313390332-tamaris-damen-stiefel-boots-gr-36-echtleder,EUR,2024-11-01 19:21:28,2024-04-30
5313390809,https://images1.vinted.net/t/01_01074_k83HMqQiL5R33KLpTbfKvGWy/f800/1730485280.jpeg?s=dda0c64693d7cbedf6c00c41fab02f13200571a1,Bl√§ulich kariertes Hemd,Pure,6.99,https://www.vinted.de/items/5313390809-blaulich-kariertes-hemd,EUR,2024-11-01 19:21:28,2024-04-30
5313390705,https://images1.vinted.net/t/02_01f8b_352WtC6WqW7JBS8ZG9pFZAcc/f800/1730485278.jpeg?s=ce31d2918309bc12cebfef9375ee9a517ef37a2a,Jeans,Zara,3.0,https://www.vinted.de/items/5313390705-jeans,EUR,2024-11-01 19:21:28,2024-04-30
5313390692,https://images1.vinted.net/t/04_02290_viSUENXQE7YpXrqHYbwFcfsU/f800/1730485278.jpeg?s=eec5b9c677b4e417e98db7c45e1ce8fa339a27f7,"Lascana , Jumpsuite,  Overall,  Gr.S",Lascana,8.0,https://www.vinted.de/items/5313390692-lascana-jumpsuite-overall-grs,EUR,2024-11-01 19:21:29,2024-04-30
5313390540,https://images1.vinted.net/t/03_01512_dSbv1YftdBCXs5FUEwZ6idcP/f800/1730485276.jpeg?s=ead43e26a775e03d81f144c1e00d11412c26359a,Grauer Blazer von Orsay,ORSAY,14.0,https://www.vinted.de/items/5313390540-grauer-blazer-von-orsay,EUR,2024-11-01 19:21:29,2024-04-30
5313390710,https://images1.vinted.net/t/04_00461_piYzhep5qWRDLnG42xa3q26W/f800/1730485278.jpeg?s=fd6b42a995f7558253ea760d6f0e7cdf50cf82e6,Stoppersocken von Pusblu,Pusblu,1.0,https://www.vinted.de/items/5313390710-stoppersocken-von-pusblu,EUR,2024-11-01 19:21:29,2024-04-30
5313390198,https://images1.vinted.net/t/04_024d0_rrqWL1nN2kiGyjiQNJGy5kAy/f800/1730485273.jpeg?s=eefcc9b2e1648f2adc4bd6f51a46d52bc61d4416,Ring // Handmade // Muster,Sonstiges,2.0,https://www.vinted.de/items/5313390198-ring-handmade-muster,EUR,2024-11-01 19:21:29,2024-04-30
5313390716,https://images1.vinted.net/t/04_00a07_p68Af4tUo1K7U5e43mtm4Yf1/f800/1730485278.jpeg?s=e6a3d8780dd7f18fbffb294a7205b98ca3caf1f3,Blusenoberteil von Shein,Shein,3.0,https://www.vinted.de/items/5313390716-blusenoberteil-von-shein,EUR,2024-11-01 19:21:29,2024-04-30
5313390717,https://images1.vinted.net/t/01_0259d_NKPMSVFR7RHeS62LWTQygp3y/f800/1730485278.jpeg?s=2d6e0fdba769c48260b0c71a101a6810af343358,Adidas Tshirt Camouflage,adidas,3.0,https://www.vinted.de/items/5313390717-adidas-tshirt-camouflage,EUR,2024-11-01 19:21:29,2024-04-30
5313390609,https://images1.vinted.net/t/04_018b4_h7x4kaCJDsaEs84sws5hoZPC/f800/1730485277.jpeg?s=b80f0496c2c6efe6dc830599a68a406974781bf4,pinkes Schlafkleidüíñ,alive,5.0,https://www.vinted.de/items/5313390609-pinkes-schlafkleid,EUR,2024-11-01 19:21:29,2024-04-30
5313390516,https://images1.vinted.net/t/04_004b0_5CgQvnKi96pT6dda7iWt78qu/f800/1730485276.jpeg?s=e366b09db07854e246f8f7e1fc661322f2342804,Zara Unisex Baby Hose Gr. 62,Zara,3.0,https://www.vinted.de/items/5313390516-zara-unisex-baby-hose-gr-62,EUR,2024-11-01 19:21:29,2024-04-30
5313390608,https://images1.vinted.net/t/04_01ba3_T2nfCnbP2WXDX4XJKnRJEJ1L/f800/1730485277.jpeg?s=36b1618383fa1a58ea992a06fdb3c600ffe75933,"Schwarzes T-Shirtkleid, H&M, Gr√∂√üe S",H&M,3.0,https://www.vinted.de/items/5313390608-schwarzes-t-shirtkleid-hm-grosse-s,EUR,2024-11-01 19:21:29,2024-04-30
5313390614,https://images1.vinted.net/t/02_01678_7wzFRB6d7WZw569Czy3EPyMx/f800/1730485277.jpeg?s=9b510eb248d4de85641d83d696185dcbfca448c9,Schl√§fchen Gr. 22,,2.0,https://www.vinted.de/items/5313390614-schlafchen-gr-22,EUR,2024-11-01 19:21:29,2024-04-30
5313390488,https://images1.vinted.net/t/04_00e90_qHxryCTWFC94dHXUz7655KbT/f800/1730485276.jpeg?s=0f663bb2c41894c7b8d8c85b08b173249f93bc75,Spielst,siku,15.0,https://www.vinted.de/items/5313390488-spielst,EUR,2024-11-01 19:21:30,2024-04-30
5313390555,https://images1.vinted.net/t/04_020b3_fNo1uB3QqJV44qpit7NBivqx/f800/1730485277.jpeg?s=beeadde0ca5345c296147837caf3bc79591fdea3,Kurzarm Bodie,Onesies,2.0,https://www.vinted.de/items/5313390555-kurzarm-bodie,EUR,2024-11-01 19:21:30,2024-04-30
5313390500,https://images1.vinted.net/t/02_01ffb_TYvHYpnt41ynNyvZ8TXHfYHu/f800/1730485276.jpeg?s=a39cfa72e0054eabec6d5dd3330370dd7209ed80,Teveo Timless Scrunch Sport BH,TEVEO,20.0,https://www.vinted.de/items/5313390500-teveo-timless-scrunch-sport-bh,EUR,2024-11-01 19:21:30,2024-04-30
5313390408,https://images1.vinted.net/t/03_0258e_oSaNg8oTYbuoZm6DJ2hAyJva/f800/1730485275.jpeg?s=4156461a4590b8bbfc20935d0bba135d5cd3b849,Puzzle // Baustelle// 84 Teile,Ravensburger,3.0,https://www.vinted.de/items/5313390408-puzzle-baustelle-84-teile,EUR,2024-11-01 19:21:30,2024-04-30
5313390586,https://images1.vinted.net/t/01_01cc4_xLBk8rzoisdBBFjDtvaKkPTh/f800/1730485277.jpeg?s=5db2753ecc40aae41cc211c794ae152710ebca02,Jagdfieber 3 dvd,,2.0,https://www.vinted.de/items/5313390586-jagdfieber-3-dvd,EUR,2024-11-01 19:21:30,2024-04-30
5313390242,https://images1.vinted.net/t/04_005b5_aoFu2ENsRg5ZSouk12eCQGhK/f800/1730485273.jpeg?s=fcfe9cc6c670035c2172d003e04b154d18afbefb,Wickeltasche,Amazon,15.0,https://www.vinted.de/items/5313390242-wickeltasche,EUR,2024-11-01 19:21:30,2024-04-30
5313390356,https://images1.vinted.net/t/04_00697_Ybx8NtRFTzag1Wv5Yms7yk1y/f800/1730485274.jpeg?s=8f9b0f680127bb6d53cc53b1c06d3bb3e0779645,Adidas Vintage Sweater,adidas,9.99,https://www.vinted.de/items/5313390356-adidas-vintage-sweater,EUR,2024-11-01 19:21:31,2024-04-30
5313373543,https://images1.vinted.net/t/04_00625_TAikCBCSBPiRg2ChMdNZJJwu/f800/1730485066.jpeg?s=fca8affd1a1dcef7b49414b2d39756886c1b1288,Herrenhose / Anzugshose / Chinohose,Philips,13.0,https://www.vinted.de/items/5313373543-herrenhose-anzugshose-chinohose,EUR,2024-11-01 19:21:31,2024-04-30
5313390481,https://images1.vinted.net/t/02_0010a_qX8TaqwgM6BMfieSU8PBXfp6/f800/1730485276.jpeg?s=25ba447e53c96f3a5cda447baaae38f93bd7d4cd,T-Shirt Gr. 98/104,Topolino,1.5,https://www.vinted.de/items/5313390481-t-shirt-gr-98104,EUR,2024-11-01 19:21:31,2024-04-30
5313390234,https://images1.vinted.net/t/01_01370_BTR4vFLd2qW1hkkxumTFY88M/f800/1730485273.jpeg?s=6c3b2ab500f1ad090310dd65a3fab39c64d41ff0,"Hellblaue Jeans, Marke Levi‚Äôs 502 Hi-Ball, W30",Levi's,20.0,https://www.vinted.de/items/5313390234-hellblaue-jeans-marke-levis-502-hi-ball-w30,EUR,2024-11-01 19:21:31,2024-04-30
5313390440,https://images1.vinted.net/t/04_023a2_RPqnoueaZtLD2QZtLm7z2CNP/f800/1730485275.jpeg?s=2911db52c55e00688f4637982c6f48825374f936,S√º√üe Minnie und Mickey Mouse Sandalen,Geox,10.0,https://www.vinted.de/items/5313390440-susse-minnie-und-mickey-mouse-sandalen,EUR,2024-11-01 19:21:31,2024-04-30
5313390378,https://images1.vinted.net/t/02_01d36_zhuFMZzxFsvAZpdmfE8Crm9R/f800/1730485274.jpeg?s=5bc082a23f496b9123da2e1327c9e48a4988d930,Nike Air Woven Windbreaker  Windjacke Vintage M,Nike,35.0,https://www.vinted.de/items/5313390378-nike-air-woven-windbreaker-windjacke-vintage-m,EUR,2024-11-01 19:21:31,2024-04-30
5313390388,https://images1.vinted.net/t/02_01aad_jPyxhcMFTJm7DTzbkAPaFw7v/f800/1730485275.jpeg?s=aea01c764f9c06717bff3853e3f2374c496115e2,Winterjacke,Palomino,4.0,https://www.vinted.de/items/5313390388-winterjacke,EUR,2024-11-01 19:21:31,2024-04-30
5313390152,https://images1.vinted.net/t/04_01b9a_DBL6d3TyXhXvZhZR9cDDXiRT/f800/1730485272.jpeg?s=0ed51508b6fd5bd49c3e2c04a55fe9a617bdad29,Next Kleid 110,Next,8.0,https://www.vinted.de/items/5313390152-next-kleid-110,EUR,2024-11-01 19:21:32,2024-04-30
5313390272,https://images1.vinted.net/t/04_001e9_jx8AiDUcZ4x3MWB94dPWP6J3/f800/1730485273.jpeg?s=b581a53f9a0b68914ecfd0745c0c0ce86701658c,Bluse H√§kelspitze altros√© creme,Adiva,22.0,https://www.vinted.de/items/5313390272-bluse-hakelspitze-altrose-creme,EUR,2024-11-01 19:21:32,2024-04-30
5313390183,https://images1.vinted.net/t/04_01fc2_eEo6aQpUgjF3GurCEbDHb6H4/f800/1730485272.jpeg?s=c7786aa8bdabd508722b7a43d315fb9bb1a24225,Kleidungspacket Hosen + Jacke + Oberteil,C&A,38.0,https://www.vinted.de/items/5313390183-kleidungspacket-hosen-jacke-oberteil,EUR,2024-11-01 19:21:32,2024-04-30
5313390327,https://images1.vinted.net/t/01_01a24_GYRHRqBHXzmsWR2EU61LnHky/f800/1730485274.jpeg?s=6dc6f6aa58a3456d12a187b897a58df170ff68ad,Jogginghose,X-Mail,2.0,https://www.vinted.de/items/5313390327-jogginghose,EUR,2024-11-01 19:21:32,2024-04-30
5312864800,https://images1.vinted.net/t/03_02180_15V7ExzSnrpqXfpPFAjGEpHD/f800/1730479468.jpeg?s=8d645ed1d44fb117d7a17eabed84c283cd175f42,Handtasche zwei in eins,,12.0,https://www.vinted.de/items/5312864800-handtasche-zwei-in-eins,EUR,2024-11-01 19:21:32,2024-04-30
5313390308,https://images1.vinted.net/t/02_00dd1_gbutuRxG1K42N8DX8gyCzi8z/f800/1730485274.jpeg?s=f35cc92ef0748f757ef8232d99ade1dcedc82ad8,Wei√ües Kleid Jack Wills Gr. UK 10,Jack Wills,2.0,https://www.vinted.de/items/5313390308-weisses-kleid-jack-wills-gr-uk-10,EUR,2024-11-01 19:21:32,2024-04-30
5313390417,https://images1.vinted.net/t/04_02087_iBvGCcd3Sj5fe5Bf4EngTZdt/f800/1730485275.jpeg?s=9cd9deaac7d8aad8c25c4f6d906c6d6fe7f67c4b,Weste h&m,H&M,20.0,https://www.vinted.de/items/5313390417-weste-hm,EUR,2024-11-01 19:21:32,2024-04-30
5313389996,https://images1.vinted.net/t/04_00ac1_VLpyFcnS4NvtFmxZQnPy3U3S/f800/1730485270.jpeg?s=537f6344c73fd9aa89b7dca95ac55a0dbcdb7da3,Jeanshose Tredy,TREDY,23.0,https://www.vinted.de/items/5313389996-jeanshose-tredy,EUR,2024-11-01 19:21:32,2024-04-30
5313390344,https://images1.vinted.net/t/03_0230a_FPHYmRrexqeHc7jyxK9HwncL/f800/1730485274.jpeg?s=064c842303d30a84ccaa141d8eebc67e3f44b730,Muss man haben,Paw Patrol,12.0,https://www.vinted.de/items/5313390344-muss-man-haben,EUR,2024-11-01 19:21:32,2024-04-30
5313390396,https://images1.vinted.net/t/04_00df3_mrhM1Qgu4vhT3Uwfx4ybLDRK/f800/1730485275.jpeg?s=5263018283a664ec353850d3f20e43c75187fffd,G√ºrtel,Sonstiges,15.0,https://www.vinted.de/items/5313390396-gurtel,EUR,2024-11-01 19:21:32,2024-04-30
5313390274,https://images1.vinted.net/t/01_00976_9atSixPJsQCo2ociiPa3BqF8/f800/1730485273.jpeg?s=6c09f3821bc24fdd1fb6c65982c219055620aa59,Moose Knuckles Herren Pullover,Moose Knuckles,100.0,https://www.vinted.de/items/5313390274-moose-knuckles-herren-pullover,EUR,2024-11-01 19:21:32,2024-04-30
5313390376,https://images1.vinted.net/t/04_00788_2sz8r9jRmtp7gFM8tY5w9cyW/f800/1730485274.jpeg?s=f55ee070b5d518560eb292008ae09fe00f523bed,Y2K T-shirt,Sonstiges,15.0,https://www.vinted.de/items/5313390376-y2k-t-shirt,EUR,2024-11-01 19:21:33,2024-04-30
5313389933,https://images1.vinted.net/t/02_026ac_2hnzs8jp6rVgzRXv1qpvwHbP/f800/1730485269.jpeg?s=50112a7bfbf4314d4a896599d787f8e42feeb496,Gro√üe blaue Tasche Nieten,Sonstiges,3.0,https://www.vinted.de/items/5313389933-grosse-blaue-tasche-nieten,EUR,2024-11-01 19:21:33,2024-04-30
5313390151,https://images1.vinted.net/t/04_02686_jvDsfWKjsYhT8FiHcwC4VXPP/f800/1730485272.jpeg?s=fddc4b5d80eb9b9f95e29e80cd3a48ec42bcc3aa,Thermohose S. Oliver,s.Oliver,5.0,https://www.vinted.de/items/5313390151-thermohose-s-oliver,EUR,2024-11-01 19:21:33,2024-04-30
5313390196,https://images1.vinted.net/t/04_005c9_NdQK14tYgkURh9UB5g3hqJyo/f800/1730485272.jpeg?s=d548a790953542ab9fa982050b853b81977e43c4,Pullover von Cecil,Cecil,7.0,https://www.vinted.de/items/5313390196-pullover-von-cecil,EUR,2024-11-01 19:21:33,2024-04-30
5313390042,https://images1.vinted.net/t/04_02418_P7xejLh6TXRasrF9kQWJNJub/f800/1730485270.jpeg?s=34992f14fc7a5f7bc2082ee4543086b98dbde448,Das alte Haus Roman Neu,,1.0,https://www.vinted.de/items/5313390042-das-alte-haus-roman-neu,EUR,2024-11-01 19:21:33,2024-04-30
5313390180,https://images1.vinted.net/t/04_0208d_dRnyN5BBr6RiQ12J5kYN5Ckq/f800/1730485272.jpeg?s=c11ab9f94cdc59cd09c90a055c9ef70812690781,Schwarze 3/4 Sport Hose,H&M,4.0,https://www.vinted.de/items/5313390180-schwarze-34-sport-hose,EUR,2024-11-01 19:21:33,2024-04-30
5313389825,https://images1.vinted.net/t/01_00f91_AnYkK5PKCcWdjpQX7hJdrBwD/f800/1730485268.jpeg?s=d6c9caa096a86880aa18aadd859038f71086fb0f,Universalatlas Diercke Drei Westermann,Westermann,5.0,https://www.vinted.de/items/5313389825-universalatlas-diercke-drei-westermann,EUR,2024-11-01 19:21:33,2024-04-30
5313390049,https://images1.vinted.net/t/04_00a22_WAbXoMJgWXSAsecTLmg2vMzq/f800/1730485270.jpeg?s=31bae4f656dca0dd11ef3b2b942e077c0caf0e2c,Ich kann Tiere zeichnen Schritt f√ºr Schritt - NEU -,,4.0,https://www.vinted.de/items/5313390049-ich-kann-tiere-zeichnen-schritt-fur-schritt-neu,EUR,2024-11-01 19:21:33,2024-04-30
5313389912,https://images1.vinted.net/t/04_01ed7_UsCQ4NsW9mEwco2YE77TJJxQ/f800/1730485269.jpeg?s=88088f2aa8b8e10e1f969cd7af2b015b17ae1053,"schwarzes Calum Von Moger Kaputzenshirt/Hoodie, Gr. M",calum von moger,18.0,https://www.vinted.de/items/5313389912-schwarzes-calum-von-moger-kaputzenshirthoodie-gr-m,EUR,2024-11-01 19:21:33,2024-04-30
5313390134,https://images1.vinted.net/t/04_0135e_LfcygxXo71AJqjedVUSL6WSd/f800/1730485271.jpeg?s=3887443c9f99ee445232fed3bf36b4fd7dedf728,Schneeanzug gap neu,GAP,15.0,https://www.vinted.de/items/5313390134-schneeanzug-gap-neu,EUR,2024-11-01 19:21:33,2024-04-30
5313390164,https://images1.vinted.net/t/04_0269f_EEe3D1wXS1dKSfgrco1AaqDA/f800/1730485272.jpeg?s=c66774368ec47ba69c136d8aedbd4230479b32c3,Kleid H&M,H&M,13.0,https://www.vinted.de/items/5313390164-kleid-hm,EUR,2024-11-01 19:21:34,2024-04-30
5313390081,https://images1.vinted.net/t/01_0136d_iLfFq495eVHHCqVNUSkaYaTe/f800/1730485271.jpeg?s=0065aa7e5656098944360c9e8f681a817fa379fc,Jordan Two Trey,Jordan,37.0,https://www.vinted.de/items/5313390081-jordan-two-trey,EUR,2024-11-01 19:21:34,2024-04-30
5313390035,https://images1.vinted.net/t/04_01115_HadZsziDUgLR16HqXnWhCoYH/f800/1730485270.jpeg?s=360a39d178dbebf97c8d0e63a53a556bd101c625,S√º√üe Hose,Puschel Design,2.0,https://www.vinted.de/items/5313390035-susse-hose,EUR,2024-11-01 19:21:34,2024-04-30
5313390039,https://images1.vinted.net/t/04_02602_RqVqkwbTHkAAXjWckFE6Aefe/f800/1730485270.jpeg?s=a7bb2fd08c9c091fcea8394ef8c8951d929d8580,Walk Zipfelloop handmade schniesel neu mit Fleece Innenseite,schniesel,20.0,https://www.vinted.de/items/5313390039-walk-zipfelloop-handmade-schniesel-neu-mit-fleece-innenseite,EUR,2024-11-01 19:21:34,2024-04-30
5313389798,https://images1.vinted.net/t/02_0148d_7ekVgZTskYCKYypxvaguXVwD/f800/1730485267.jpeg?s=92ce36b069ab007ed2e758a9769d8ba1296c2b37,Schickes Kleid Karl Lagerfeld,Karl Lagerfeld,59.0,https://www.vinted.de/items/5313389798-schickes-kleid-karl-lagerfeld,EUR,2024-11-01 19:21:34,2024-04-30
5313390043,https://images1.vinted.net/t/03_01490_vpkMQymA1MrCpnPmhXA6k3wn/f800/1730485270.jpeg?s=f28d831657ddba4ed432e36d2cec804efcd5fa74,Hollister Chino 30x32,Hollister,23.0,https://www.vinted.de/items/5313390043-hollister-chino-30x32,EUR,2024-11-01 19:21:34,2024-04-30
5313390013,https://images1.vinted.net/t/02_00532_yxeYRyxYn99kdNcsNhgPMwgw/f800/1730485270.jpeg?s=6bcdeb8e2eab731928416a16fa3dd5f54e3fb37d,Pucksack von tommeetippee 0-3 Monate NEU,Tommee Tippee,15.0,https://www.vinted.de/items/5313390013-pucksack-von-tommeetippee-0-3-monate-neu,EUR,2024-11-01 19:21:34,2024-04-30
5313390113,https://images1.vinted.net/t/04_019b3_GkicxfFLk5EABZkuMFVuw99F/f800/1730485271.jpeg?s=095539dfa811ea7f67139fea898374c126e5810c,Bershka Schlagleggings,Bershka,9.0,https://www.vinted.de/items/5313390113-bershka-schlagleggings,EUR,2024-11-01 19:21:34,2024-04-30
5313390055,https://images1.vinted.net/t/04_02232_rsUv8TxyEkcspKmYJnjQbw6r/f800/1730485271.jpeg?s=f9f453b9c6a8994f5670a603c2500870b807e759,Rock Gr√∂√üe 38/M,Primark,3.0,https://www.vinted.de/items/5313390055-rock-grosse-38m,EUR,2024-11-01 19:21:34,2024-04-30
5313389865,https://images1.vinted.net/t/04_022ff_7NaQzD4VVnzTn3xmPW63ANGN/f800/1730485268.jpeg?s=e74810c419d6b45bd9416987076a728466a29a57,Unterhemd Feinripp Satan is my motor Siebdruck NEU,B&C,5.0,https://www.vinted.de/items/5313389865-unterhemd-feinripp-satan-is-my-motor-siebdruck-neu,EUR,2024-11-01 19:21:34,2024-04-30
5313389984,https://images1.vinted.net/t/02_02236_L1Wk2yPF5sNm9Do7qgp9Jp9L/f800/1730485270.jpeg?s=547806ac41ee4f9802989d3736c711efd255f467,10 gro√üe Aufkleber Theater 5,,1.8,https://www.vinted.de/items/5313389984-10-grosse-aufkleber-theater-5,EUR,2024-11-01 19:21:34,2024-04-30
5313389914,https://images1.vinted.net/t/04_00ff6_C45gmY6x3duLojiic39yxnVm/f800/1730485269.jpeg?s=dbd9e68fa5d8bd29f268967b1c66ec1675713e49,Goldenes glitzerndes Kleid,Shein,2.0,https://www.vinted.de/items/5313389914-goldenes-glitzerndes-kleid,EUR,2024-11-01 19:21:35,2024-04-30
5313389920,https://images1.vinted.net/t/04_01f02_VwzwVgkeHpUJux8GafuXqo6G/f800/1730485269.jpeg?s=85a2b0bb166d05e551f76064e10ef669265bfe26,Wickelcardigan,H&M,5.0,https://www.vinted.de/items/5313389920-wickelcardigan,EUR,2024-11-01 19:21:35,2024-04-30
5313389839,https://images1.vinted.net/t/04_011f9_gCA3uriZTrozRdVSgBp3toPH/f800/1730485268.jpeg?s=b235e6039c9d88eaba06668c51e7672ae64af829,Blumen Kleid,Shein,4.0,https://www.vinted.de/items/5313389839-blumen-kleid,EUR,2024-11-01 19:21:35,2024-04-30
5313389821,https://images1.vinted.net/t/04_00ecc_GGTLEGofPEMkLPaAFWWcPQT8/f800/1730485268.jpeg?s=a1f8c2f6caf12e4bbb37f855dce1b400bea62182,"Winterschuhe, GR. 22, M√§dchen, Pepino",Pepino,8.0,https://www.vinted.de/items/5313389821-winterschuhe-gr-22-madchen-pepino,EUR,2024-11-01 19:21:35,2024-04-30
5313389824,https://images1.vinted.net/t/04_00e11_z2zqMLzpiyL2y9hV3csPmXW5/f800/1730485268.jpeg?s=955fa82377949d2470c801a34e447e45d92aec70,Damen Sommerschal Halstuch von C&A (Nr794),C&A,3.0,https://www.vinted.de/items/5313389824-damen-sommerschal-halstuch-von-ca-nr794,EUR,2024-11-01 19:21:35,2024-04-30
5313389723,https://images1.vinted.net/t/04_0246f_jVqJ6ss9Dz5C1Q1BHHnTkQaJ/f800/1730485266.jpeg?s=04a4857c7461efe7a68def0da5d3563c20c4f24d,Patagonia Pulli,,15.0,https://www.vinted.de/items/5313389723-patagonia-pulli,EUR,2024-11-01 19:21:35,2024-04-30
5313389641,https://images1.vinted.net/t/03_02138_wzLbadZwhqt9UVKsYRX1C4yC/f800/1730485265.jpeg?s=ed630f876aebf041a8cf48f024f8c71a94692e56,Calvin Klein Lederjacke,Calvin Klein,40.0,https://www.vinted.de/items/5313389641-calvin-klein-lederjacke,EUR,2024-11-01 19:21:35,2024-04-30
5313389530,https://images1.vinted.net/t/03_02267_uT3NHW9tRdoEmfp7EFtL9FBf/f800/1730485264.jpeg?s=a630515d0072af91a4ee4a4a52e559c938936669,XXL M√§dchenpaket,H&M,75.0,https://www.vinted.de/items/5313389530-xxl-madchenpaket,EUR,2024-11-01 19:21:35,2024-04-30
5313389629,https://images1.vinted.net/t/04_00be3_vRAfxxJNdyJZtoXyjFu6uiGp/f800/1730485265.jpeg?s=8bd0ab6dfb744983cd0d43de6dbdc75c1945d4c0,Hochwertige warme Cord Bomber Jacke oversize,BDG,55.0,https://www.vinted.de/items/5313389629-hochwertige-warme-cord-bomber-jacke-oversize,EUR,2024-11-01 19:21:35,2024-04-30
5313389581,https://images1.vinted.net/t/02_007ed_aaUecx9JDLH2nuMKPeFT3Evt/f800/1730485265.jpeg?s=e5e8814d1a8510482e0f8be2f1db6fae18658c5f,Jack&Jones Hose 34/32,Jack & Jones,8.0,https://www.vinted.de/items/5313389581-jackjones-hose-3432,EUR,2024-11-01 19:21:35,2024-04-30
5313389545,https://images1.vinted.net/t/04_004b8_9XPGFj9H4NnFu4hVyrPMVxvi/f800/1730485264.jpeg?s=d866513d94a057b69bde781586ea1e9b228e2e2f,"Only, Hose, Nadelstreifen, schwarz, Stretch",ONLY,7.0,https://www.vinted.de/items/5313389545-only-hose-nadelstreifen-schwarz-stretch,EUR,2024-11-01 19:21:35,2024-04-30
5313389639,https://images1.vinted.net/t/04_011bb_spLrveLGaBH6XHYUvVAbASF9/f800/1730485265.jpeg?s=a38534f4a66a9700e8f8a8622b640e4c29b49d84,Echtleder Handtasche conjak,Sonstiges,15.0,https://www.vinted.de/items/5313389639-echtleder-handtasche-conjak,EUR,2024-11-01 19:21:36,2024-04-30
5313389487,https://images1.vinted.net/t/04_0145d_htVYmgEY7DYVBBKQMLXRNCKS/f800/1730485263.jpeg?s=187048d50a7a28b2086b157dce4d79b6b0c578a0,Sweatshirt Nike Gr. 147-158,Nike,15.0,https://www.vinted.de/items/5313389487-sweatshirt-nike-gr-147-158,EUR,2024-11-01 19:21:36,2024-04-30
5313389501,https://images1.vinted.net/t/01_021bf_cju6vgJKKDpqbbzKmMGNneh5/f800/1730485263.jpeg?s=91a8275e34df376c4d2b29251cebaa0fa5a12fd8,Spiderman Set 104 110,C&A,7.0,https://www.vinted.de/items/5313389501-spiderman-set-104-110,EUR,2024-11-01 19:21:36,2024-04-30
5313389406,https://images1.vinted.net/t/04_021c6_KrnUCUJVCh7sUrLwKeFajbHk/f800/1730485262.jpeg?s=64e4af8d70f23eebfe0e542b9e38abfc444e3ba4,Hosen Set 86,Gemischt,2.0,https://www.vinted.de/items/5313389406-hosen-set-86,EUR,2024-11-01 19:21:36,2024-04-30
5313389459,https://images1.vinted.net/t/04_014be_Xy9XeSqLYcWXFdHRi3jn1JAk/f800/1730485263.jpeg?s=73c8940097ce74e670c427054608410dd8ff8f07,Umstandskleid knielang,Mamalicious,12.0,https://www.vinted.de/items/5313389459-umstandskleid-knielang,EUR,2024-11-01 19:21:36,2024-04-30
5313389670,https://images1.vinted.net/t/04_00e5e_18pXv7LRcdXdvzAW4JuX1Aen/f800/1730485266.jpeg?s=a1940405e64d7ab4ba13d91792f4f0a9038d4424,Wollanzug wollstrampler  wolle 100% handmade with love <3,Handmade,30.0,https://www.vinted.de/items/5313389670-wollanzug-wollstrampler-wolle-100-handmade-with-love-3,EUR,2024-11-01 19:21:36,2024-04-30
5313389686,https://images1.vinted.net/t/01_00675_5yyyS1xkApgaZuNAARP3GVux/f800/1730485266.jpeg?s=8cbdc548d009b791c395d250f76eeb9a86a17fa6,Hoodie,adidas,15.0,https://www.vinted.de/items/5313389686-hoodie,EUR,2024-11-01 19:21:36,2024-04-30
5313389315,https://images1.vinted.net/t/04_001d9_54M5kYiRK1vKLFxEGb8of7Lu/f800/1730485261.jpeg?s=de622193eeefc33ec6ff921c680abfb7947a4131,Kleid mit Blumenmuster,PrettyLittleThing,10.0,https://www.vinted.de/items/5313389315-kleid-mit-blumenmuster,EUR,2024-11-01 19:21:36,2024-04-30
5313389450,https://images1.vinted.net/t/01_013b9_rtZ36CzqBzjw81odMnHJZzUY/f800/1730485263.jpeg?s=73341224a854922b66b7e75756d1a621fd1a6e62,Coktailkleid,Esprit,20.0,https://www.vinted.de/items/5313389450-coktailkleid,EUR,2024-11-01 19:21:36,2024-04-30
5313389535,https://images1.vinted.net/t/04_00056_ZUYC1LU3QJPwKEDWwR3cFAtz/f800/1730485264.jpeg?s=aee3de6c29d43a081668e21dbaaed12a1e4391b8,2x Susanne Kaufmann Creme Maske Feuchtigkeit und k√∂rperbutter,Susanne Kaufmann,5.0,https://www.vinted.de/items/5313389535-2x-susanne-kaufmann-creme-maske-feuchtigkeit-und-korperbutter,EUR,2024-11-01 19:21:36,2024-04-30
5313389602,https://images1.vinted.net/t/01_01424_dTBdEZ2m8dDAJajkDaPkj6yp/f800/1730485265.jpeg?s=6ac26aa1517caa5f5ba0b19d7f1730625f85190e,J√§ckchen,Multiblu,6.0,https://www.vinted.de/items/5313389602-jackchen,EUR,2024-11-01 19:21:36,2024-04-30
5313373543,https://images1.vinted.net/t/04_00625_TAikCBCSBPiRg2ChMdNZJJwu/f800/1730485066.jpeg?s=fca8affd1a1dcef7b49414b2d39756886c1b1288,Herrenhose / Anzugshose / Chinohose,Philips,13.0,https://www.vinted.de/items/5313373543-herrenhose-anzugshose-chinohose,EUR,2024-11-01 19:21:39,2024-04-30
5313390356,https://images1.vinted.net/t/04_00697_Ybx8NtRFTzag1Wv5Yms7yk1y/f800/1730485274.jpeg?s=8f9b0f680127bb6d53cc53b1c06d3bb3e0779645,Adidas Vintage Sweater,adidas,9.99,https://www.vinted.de/items/5313390356-adidas-vintage-sweater,EUR,2024-11-01 19:21:39,2024-04-30
5313390481,https://images1.vinted.net/t/02_0010a_qX8TaqwgM6BMfieSU8PBXfp6/f800/1730485276.jpeg?s=25ba447e53c96f3a5cda447baaae38f93bd7d4cd,T-Shirt Gr. 98/104,Topolino,1.5,https://www.vinted.de/items/5313390481-t-shirt-gr-98104,EUR,2024-11-01 19:21:39,2024-04-30
5313390234,https://images1.vinted.net/t/01_01370_BTR4vFLd2qW1hkkxumTFY88M/f800/1730485273.jpeg?s=6c3b2ab500f1ad090310dd65a3fab39c64d41ff0,"Hellblaue Jeans, Marke Levi‚Äôs 502 Hi-Ball, W30",Levi's,20.0,https://www.vinted.de/items/5313390234-hellblaue-jeans-marke-levis-502-hi-ball-w30,EUR,2024-11-01 19:21:39,2024-04-30
5313390440,https://images1.vinted.net/t/04_023a2_RPqnoueaZtLD2QZtLm7z2CNP/f800/1730485275.jpeg?s=2911db52c55e00688f4637982c6f48825374f936,S√º√üe Minnie und Mickey Mouse Sandalen,Geox,10.0,https://www.vinted.de/items/5313390440-susse-minnie-und-mickey-mouse-sandalen,EUR,2024-11-01 19:21:39,2024-04-30
5313390378,https://images1.vinted.net/t/02_01d36_zhuFMZzxFsvAZpdmfE8Crm9R/f800/1730485274.jpeg?s=5bc082a23f496b9123da2e1327c9e48a4988d930,Nike Air Woven Windbreaker  Windjacke Vintage M,Nike,35.0,https://www.vinted.de/items/5313390378-nike-air-woven-windbreaker-windjacke-vintage-m,EUR,2024-11-01 19:21:39,2024-04-30
5313390388,https://images1.vinted.net/t/02_01aad_jPyxhcMFTJm7DTzbkAPaFw7v/f800/1730485275.jpeg?s=aea01c764f9c06717bff3853e3f2374c496115e2,Winterjacke,Palomino,4.0,https://www.vinted.de/items/5313390388-winterjacke,EUR,2024-11-01 19:21:39,2024-04-30
5313390152,https://images1.vinted.net/t/04_01b9a_DBL6d3TyXhXvZhZR9cDDXiRT/f800/1730485272.jpeg?s=0ed51508b6fd5bd49c3e2c04a55fe9a617bdad29,Next Kleid 110,Next,8.0,https://www.vinted.de/items/5313390152-next-kleid-110,EUR,2024-11-01 19:21:39,2024-04-30
5313390183,https://images1.vinted.net/t/04_01fc2_eEo6aQpUgjF3GurCEbDHb6H4/f800/1730485272.jpeg?s=c7786aa8bdabd508722b7a43d315fb9bb1a24225,Kleidungspacket Hosen + Jacke + Oberteil,C&A,38.0,https://www.vinted.de/items/5313390183-kleidungspacket-hosen-jacke-oberteil,EUR,2024-11-01 19:21:39,2024-04-30
5313390272,https://images1.vinted.net/t/04_001e9_jx8AiDUcZ4x3MWB94dPWP6J3/f800/1730485273.jpeg?s=b581a53f9a0b68914ecfd0745c0c0ce86701658c,Bluse H√§kelspitze altros√© creme,Adiva,22.0,https://www.vinted.de/items/5313390272-bluse-hakelspitze-altrose-creme,EUR,2024-11-01 19:21:39,2024-04-30
5313390327,https://images1.vinted.net/t/01_01a24_GYRHRqBHXzmsWR2EU61LnHky/f800/1730485274.jpeg?s=6dc6f6aa58a3456d12a187b897a58df170ff68ad,Jogginghose,X-Mail,2.0,https://www.vinted.de/items/5313390327-jogginghose,EUR,2024-11-01 19:21:39,2024-04-30
5312864800,https://images1.vinted.net/t/03_02180_15V7ExzSnrpqXfpPFAjGEpHD/f800/1730479468.jpeg?s=8d645ed1d44fb117d7a17eabed84c283cd175f42,Handtasche zwei in eins,,12.0,https://www.vinted.de/items/5312864800-handtasche-zwei-in-eins,EUR,2024-11-01 19:21:39,2024-04-30
5313390308,https://images1.vinted.net/t/02_00dd1_gbutuRxG1K42N8DX8gyCzi8z/f800/1730485274.jpeg?s=f35cc92ef0748f757ef8232d99ade1dcedc82ad8,Wei√ües Kleid Jack Wills Gr. UK 10,Jack Wills,2.0,https://www.vinted.de/items/5313390308-weisses-kleid-jack-wills-gr-uk-10,EUR,2024-11-01 19:21:39,2024-04-30
5313390417,https://images1.vinted.net/t/04_02087_iBvGCcd3Sj5fe5Bf4EngTZdt/f800/1730485275.jpeg?s=9cd9deaac7d8aad8c25c4f6d906c6d6fe7f67c4b,Weste h&m,H&M,20.0,https://www.vinted.de/items/5313390417-weste-hm,EUR,2024-11-01 19:21:39,2024-04-30
5313389996,https://images1.vinted.net/t/04_00ac1_VLpyFcnS4NvtFmxZQnPy3U3S/f800/1730485270.jpeg?s=537f6344c73fd9aa89b7dca95ac55a0dbcdb7da3,Jeanshose Tredy,TREDY,23.0,https://www.vinted.de/items/5313389996-jeanshose-tredy,EUR,2024-11-01 19:21:39,2024-04-30
5313390344,https://images1.vinted.net/t/03_0230a_FPHYmRrexqeHc7jyxK9HwncL/f800/1730485274.jpeg?s=064c842303d30a84ccaa141d8eebc67e3f44b730,Muss man haben,Paw Patrol,12.0,https://www.vinted.de/items/5313390344-muss-man-haben,EUR,2024-11-01 19:21:39,2024-04-30
5313390396,https://images1.vinted.net/t/04_00df3_mrhM1Qgu4vhT3Uwfx4ybLDRK/f800/1730485275.jpeg?s=5263018283a664ec353850d3f20e43c75187fffd,G√ºrtel,Sonstiges,15.0,https://www.vinted.de/items/5313390396-gurtel,EUR,2024-11-01 19:21:39,2024-04-30
5313390274,https://images1.vinted.net/t/01_00976_9atSixPJsQCo2ociiPa3BqF8/f800/1730485273.jpeg?s=6c09f3821bc24fdd1fb6c65982c219055620aa59,Moose Knuckles Herren Pullover,Moose Knuckles,100.0,https://www.vinted.de/items/5313390274-moose-knuckles-herren-pullover,EUR,2024-11-01 19:21:39,2024-04-30
5313390376,https://images1.vinted.net/t/04_00788_2sz8r9jRmtp7gFM8tY5w9cyW/f800/1730485274.jpeg?s=f55ee070b5d518560eb292008ae09fe00f523bed,Y2K T-shirt,Sonstiges,15.0,https://www.vinted.de/items/5313390376-y2k-t-shirt,EUR,2024-11-01 19:21:39,2024-04-30
5313389933,https://images1.vinted.net/t/02_026ac_2hnzs8jp6rVgzRXv1qpvwHbP/f800/1730485269.jpeg?s=50112a7bfbf4314d4a896599d787f8e42feeb496,Gro√üe blaue Tasche Nieten,Sonstiges,3.0,https://www.vinted.de/items/5313389933-grosse-blaue-tasche-nieten,EUR,2024-11-01 19:21:39,2024-04-30
5313390151,https://images1.vinted.net/t/04_02686_jvDsfWKjsYhT8FiHcwC4VXPP/f800/1730485272.jpeg?s=fddc4b5d80eb9b9f95e29e80cd3a48ec42bcc3aa,Thermohose S. Oliver,s.Oliver,5.0,https://www.vinted.de/items/5313390151-thermohose-s-oliver,EUR,2024-11-01 19:21:39,2024-04-30
5313390196,https://images1.vinted.net/t/04_005c9_NdQK14tYgkURh9UB5g3hqJyo/f800/1730485272.jpeg?s=d548a790953542ab9fa982050b853b81977e43c4,Pullover von Cecil,Cecil,7.0,https://www.vinted.de/items/5313390196-pullover-von-cecil,EUR,2024-11-01 19:21:39,2024-04-30
5313390042,https://images1.vinted.net/t/04_02418_P7xejLh6TXRasrF9kQWJNJub/f800/1730485270.jpeg?s=34992f14fc7a5f7bc2082ee4543086b98dbde448,Das alte Haus Roman Neu,,1.0,https://www.vinted.de/items/5313390042-das-alte-haus-roman-neu,EUR,2024-11-01 19:21:39,2024-04-30
5313390180,https://images1.vinted.net/t/04_0208d_dRnyN5BBr6RiQ12J5kYN5Ckq/f800/1730485272.jpeg?s=c11ab9f94cdc59cd09c90a055c9ef70812690781,Schwarze 3/4 Sport Hose,H&M,4.0,https://www.vinted.de/items/5313390180-schwarze-34-sport-hose,EUR,2024-11-01 19:21:39,2024-04-30
5313389825,https://images1.vinted.net/t/01_00f91_AnYkK5PKCcWdjpQX7hJdrBwD/f800/1730485268.jpeg?s=d6c9caa096a86880aa18aadd859038f71086fb0f,Universalatlas Diercke Drei Westermann,Westermann,5.0,https://www.vinted.de/items/5313389825-universalatlas-diercke-drei-westermann,EUR,2024-11-01 19:21:39,2024-04-30
5313390049,https://images1.vinted.net/t/04_00a22_WAbXoMJgWXSAsecTLmg2vMzq/f800/1730485270.jpeg?s=31bae4f656dca0dd11ef3b2b942e077c0caf0e2c,Ich kann Tiere zeichnen Schritt f√ºr Schritt - NEU -,,4.0,https://www.vinted.de/items/5313390049-ich-kann-tiere-zeichnen-schritt-fur-schritt-neu,EUR,2024-11-01 19:21:39,2024-04-30
5313389912,https://images1.vinted.net/t/04_01ed7_UsCQ4NsW9mEwco2YE77TJJxQ/f800/1730485269.jpeg?s=88088f2aa8b8e10e1f969cd7af2b015b17ae1053,"schwarzes Calum Von Moger Kaputzenshirt/Hoodie, Gr. M",calum von moger,18.0,https://www.vinted.de/items/5313389912-schwarzes-calum-von-moger-kaputzenshirthoodie-gr-m,EUR,2024-11-01 19:21:39,2024-04-30
5313390134,https://images1.vinted.net/t/04_0135e_LfcygxXo71AJqjedVUSL6WSd/f800/1730485271.jpeg?s=3887443c9f99ee445232fed3bf36b4fd7dedf728,Schneeanzug gap neu,GAP,15.0,https://www.vinted.de/items/5313390134-schneeanzug-gap-neu,EUR,2024-11-01 19:21:39,2024-04-30
5313390164,https://images1.vinted.net/t/04_0269f_EEe3D1wXS1dKSfgrco1AaqDA/f800/1730485272.jpeg?s=c66774368ec47ba69c136d8aedbd4230479b32c3,Kleid H&M,H&M,13.0,https://www.vinted.de/items/5313390164-kleid-hm,EUR,2024-11-01 19:21:39,2024-04-30
5313390081,https://images1.vinted.net/t/01_0136d_iLfFq495eVHHCqVNUSkaYaTe/f800/1730485271.jpeg?s=0065aa7e5656098944360c9e8f681a817fa379fc,Jordan Two Trey,Jordan,37.0,https://www.vinted.de/items/5313390081-jordan-two-trey,EUR,2024-11-01 19:21:39,2024-04-30
5313390035,https://images1.vinted.net/t/04_01115_HadZsziDUgLR16HqXnWhCoYH/f800/1730485270.jpeg?s=360a39d178dbebf97c8d0e63a53a556bd101c625,S√º√üe Hose,Puschel Design,2.0,https://www.vinted.de/items/5313390035-susse-hose,EUR,2024-11-01 19:21:39,2024-04-30
5313390039,https://images1.vinted.net/t/04_02602_RqVqkwbTHkAAXjWckFE6Aefe/f800/1730485270.jpeg?s=a7bb2fd08c9c091fcea8394ef8c8951d929d8580,Walk Zipfelloop handmade schniesel neu mit Fleece Innenseite,schniesel,20.0,https://www.vinted.de/items/5313390039-walk-zipfelloop-handmade-schniesel-neu-mit-fleece-innenseite,EUR,2024-11-01 19:21:39,2024-04-30
5313389798,https://images1.vinted.net/t/02_0148d_7ekVgZTskYCKYypxvaguXVwD/f800/1730485267.jpeg?s=92ce36b069ab007ed2e758a9769d8ba1296c2b37,Schickes Kleid Karl Lagerfeld,Karl Lagerfeld,59.0,https://www.vinted.de/items/5313389798-schickes-kleid-karl-lagerfeld,EUR,2024-11-01 19:21:39,2024-04-30
5313390043,https://images1.vinted.net/t/03_01490_vpkMQymA1MrCpnPmhXA6k3wn/f800/1730485270.jpeg?s=f28d831657ddba4ed432e36d2cec804efcd5fa74,Hollister Chino 30x32,Hollister,23.0,https://www.vinted.de/items/5313390043-hollister-chino-30x32,EUR,2024-11-01 19:21:39,2024-04-30
5313390055,https://images1.vinted.net/t/04_02232_rsUv8TxyEkcspKmYJnjQbw6r/f800/1730485271.jpeg?s=f9f453b9c6a8994f5670a603c2500870b807e759,Rock Gr√∂√üe 38/M,Primark,3.0,https://www.vinted.de/items/5313390055-rock-grosse-38m,EUR,2024-11-01 19:21:39,2024-04-30
5313390113,https://images1.vinted.net/t/04_019b3_GkicxfFLk5EABZkuMFVuw99F/f800/1730485271.jpeg?s=095539dfa811ea7f67139fea898374c126e5810c,Bershka Schlagleggings,Bershka,9.0,https://www.vinted.de/items/5313390113-bershka-schlagleggings,EUR,2024-11-01 19:21:39,2024-04-30
5313390013,https://images1.vinted.net/t/02_00532_yxeYRyxYn99kdNcsNhgPMwgw/f800/1730485270.jpeg?s=6bcdeb8e2eab731928416a16fa3dd5f54e3fb37d,Pucksack von tommeetippee 0-3 Monate NEU,Tommee Tippee,15.0,https://www.vinted.de/items/5313390013-pucksack-von-tommeetippee-0-3-monate-neu,EUR,2024-11-01 19:21:39,2024-04-30
5313389865,https://images1.vinted.net/t/04_022ff_7NaQzD4VVnzTn3xmPW63ANGN/f800/1730485268.jpeg?s=e74810c419d6b45bd9416987076a728466a29a57,Unterhemd Feinripp Satan is my motor Siebdruck NEU,B&C,5.0,https://www.vinted.de/items/5313389865-unterhemd-feinripp-satan-is-my-motor-siebdruck-neu,EUR,2024-11-01 19:21:39,2024-04-30
5313389984,https://images1.vinted.net/t/02_02236_L1Wk2yPF5sNm9Do7qgp9Jp9L/f800/1730485270.jpeg?s=547806ac41ee4f9802989d3736c711efd255f467,10 gro√üe Aufkleber Theater 5,,1.8,https://www.vinted.de/items/5313389984-10-grosse-aufkleber-theater-5,EUR,2024-11-01 19:21:39,2024-04-30
5313389914,https://images1.vinted.net/t/04_00ff6_C45gmY6x3duLojiic39yxnVm/f800/1730485269.jpeg?s=dbd9e68fa5d8bd29f268967b1c66ec1675713e49,Goldenes glitzerndes Kleid,Shein,2.0,https://www.vinted.de/items/5313389914-goldenes-glitzerndes-kleid,EUR,2024-11-01 19:21:39,2024-04-30
5313389920,https://images1.vinted.net/t/04_01f02_VwzwVgkeHpUJux8GafuXqo6G/f800/1730485269.jpeg?s=85a2b0bb166d05e551f76064e10ef669265bfe26,Wickelcardigan,H&M,5.0,https://www.vinted.de/items/5313389920-wickelcardigan,EUR,2024-11-01 19:21:39,2024-04-30
5313389839,https://images1.vinted.net/t/04_011f9_gCA3uriZTrozRdVSgBp3toPH/f800/1730485268.jpeg?s=b235e6039c9d88eaba06668c51e7672ae64af829,Blumen Kleid,Shein,4.0,https://www.vinted.de/items/5313389839-blumen-kleid,EUR,2024-11-01 19:21:39,2024-04-30
5313389821,https://images1.vinted.net/t/04_00ecc_GGTLEGofPEMkLPaAFWWcPQT8/f800/1730485268.jpeg?s=a1f8c2f6caf12e4bbb37f855dce1b400bea62182,"Winterschuhe, GR. 22, M√§dchen, Pepino",Pepino,8.0,https://www.vinted.de/items/5313389821-winterschuhe-gr-22-madchen-pepino,EUR,2024-11-01 19:21:39,2024-04-30
5313389824,https://images1.vinted.net/t/04_00e11_z2zqMLzpiyL2y9hV3csPmXW5/f800/1730485268.jpeg?s=955fa82377949d2470c801a34e447e45d92aec70,Damen Sommerschal Halstuch von C&A (Nr794),C&A,3.0,https://www.vinted.de/items/5313389824-damen-sommerschal-halstuch-von-ca-nr794,EUR,2024-11-01 19:21:39,2024-04-30
5313389723,https://images1.vinted.net/t/04_0246f_jVqJ6ss9Dz5C1Q1BHHnTkQaJ/f800/1730485266.jpeg?s=04a4857c7461efe7a68def0da5d3563c20c4f24d,Patagonia Pulli,,15.0,https://www.vinted.de/items/5313389723-patagonia-pulli,EUR,2024-11-01 19:21:39,2024-04-30
5313389641,https://images1.vinted.net/t/03_02138_wzLbadZwhqt9UVKsYRX1C4yC/f800/1730485265.jpeg?s=ed630f876aebf041a8cf48f024f8c71a94692e56,Calvin Klein Lederjacke,Calvin Klein,40.0,https://www.vinted.de/items/5313389641-calvin-klein-lederjacke,EUR,2024-11-01 19:21:39,2024-04-30
5313389530,https://images1.vinted.net/t/03_02267_uT3NHW9tRdoEmfp7EFtL9FBf/f800/1730485264.jpeg?s=a630515d0072af91a4ee4a4a52e559c938936669,XXL M√§dchenpaket,H&M,75.0,https://www.vinted.de/items/5313389530-xxl-madchenpaket,EUR,2024-11-01 19:21:39,2024-04-30
5313389629,https://images1.vinted.net/t/04_00be3_vRAfxxJNdyJZtoXyjFu6uiGp/f800/1730485265.jpeg?s=8bd0ab6dfb744983cd0d43de6dbdc75c1945d4c0,Hochwertige warme Cord Bomber Jacke oversize,BDG,55.0,https://www.vinted.de/items/5313389629-hochwertige-warme-cord-bomber-jacke-oversize,EUR,2024-11-01 19:21:39,2024-04-30
5313389581,https://images1.vinted.net/t/02_007ed_aaUecx9JDLH2nuMKPeFT3Evt/f800/1730485265.jpeg?s=e5e8814d1a8510482e0f8be2f1db6fae18658c5f,Jack&Jones Hose 34/32,Jack & Jones,8.0,https://www.vinted.de/items/5313389581-jackjones-hose-3432,EUR,2024-11-01 19:21:39,2024-04-30
5313389545,https://images1.vinted.net/t/04_004b8_9XPGFj9H4NnFu4hVyrPMVxvi/f800/1730485264.jpeg?s=d866513d94a057b69bde781586ea1e9b228e2e2f,"Only, Hose, Nadelstreifen, schwarz, Stretch",ONLY,7.0,https://www.vinted.de/items/5313389545-only-hose-nadelstreifen-schwarz-stretch,EUR,2024-11-01 19:21:39,2024-04-30
5313389639,https://images1.vinted.net/t/04_011bb_spLrveLGaBH6XHYUvVAbASF9/f800/1730485265.jpeg?s=a38534f4a66a9700e8f8a8622b640e4c29b49d84,Echtleder Handtasche conjak,Sonstiges,15.0,https://www.vinted.de/items/5313389639-echtleder-handtasche-conjak,EUR,2024-11-01 19:21:39,2024-04-30
5313389487,https://images1.vinted.net/t/04_0145d_htVYmgEY7DYVBBKQMLXRNCKS/f800/1730485263.jpeg?s=187048d50a7a28b2086b157dce4d79b6b0c578a0,Sweatshirt Nike Gr. 147-158,Nike,15.0,https://www.vinted.de/items/5313389487-sweatshirt-nike-gr-147-158,EUR,2024-11-01 19:21:39,2024-04-30
5313389501,https://images1.vinted.net/t/01_021bf_cju6vgJKKDpqbbzKmMGNneh5/f800/1730485263.jpeg?s=91a8275e34df376c4d2b29251cebaa0fa5a12fd8,Spiderman Set 104 110,C&A,7.0,https://www.vinted.de/items/5313389501-spiderman-set-104-110,EUR,2024-11-01 19:21:39,2024-04-30
5313389406,https://images1.vinted.net/t/04_021c6_KrnUCUJVCh7sUrLwKeFajbHk/f800/1730485262.jpeg?s=64e4af8d70f23eebfe0e542b9e38abfc444e3ba4,Hosen Set 86,Gemischt,2.0,https://www.vinted.de/items/5313389406-hosen-set-86,EUR,2024-11-01 19:21:39,2024-04-30
5313389459,https://images1.vinted.net/t/04_014be_Xy9XeSqLYcWXFdHRi3jn1JAk/f800/1730485263.jpeg?s=73c8940097ce74e670c427054608410dd8ff8f07,Umstandskleid knielang,Mamalicious,12.0,https://www.vinted.de/items/5313389459-umstandskleid-knielang,EUR,2024-11-01 19:21:39,2024-04-30
5313389686,https://images1.vinted.net/t/01_00675_5yyyS1xkApgaZuNAARP3GVux/f800/1730485266.jpeg?s=8cbdc548d009b791c395d250f76eeb9a86a17fa6,Hoodie,adidas,15.0,https://www.vinted.de/items/5313389686-hoodie,EUR,2024-11-01 19:21:39,2024-04-30
5313389670,https://images1.vinted.net/t/04_00e5e_18pXv7LRcdXdvzAW4JuX1Aen/f800/1730485266.jpeg?s=a1940405e64d7ab4ba13d91792f4f0a9038d4424,Wollanzug wollstrampler  wolle 100% handmade with love <3,Handmade,30.0,https://www.vinted.de/items/5313389670-wollanzug-wollstrampler-wolle-100-handmade-with-love-3,EUR,2024-11-01 19:21:39,2024-04-30
5313389315,https://images1.vinted.net/t/04_001d9_54M5kYiRK1vKLFxEGb8of7Lu/f800/1730485261.jpeg?s=de622193eeefc33ec6ff921c680abfb7947a4131,Kleid mit Blumenmuster,PrettyLittleThing,10.0,https://www.vinted.de/items/5313389315-kleid-mit-blumenmuster,EUR,2024-11-01 19:21:39,2024-04-30
5313389450,https://images1.vinted.net/t/01_013b9_rtZ36CzqBzjw81odMnHJZzUY/f800/1730485263.jpeg?s=73341224a854922b66b7e75756d1a621fd1a6e62,Coktailkleid,Esprit,20.0,https://www.vinted.de/items/5313389450-coktailkleid,EUR,2024-11-01 19:21:39,2024-04-30
5313389635,https://images1.vinted.net/t/04_026cb_28ZfX4WMNknSSxGFNgKGzLa8/f800/1730485265.jpeg?s=0274db2f481315bdfab44b013e365503a1fe692e,Lancome Idole 25ml,Lanc√¥me,27.0,https://www.vinted.de/items/5313389635-lancome-idole-25ml,EUR,2024-11-01 19:21:39,2024-04-30
5313389535,https://images1.vinted.net/t/04_00056_ZUYC1LU3QJPwKEDWwR3cFAtz/f800/1730485264.jpeg?s=aee3de6c29d43a081668e21dbaaed12a1e4391b8,2x Susanne Kaufmann Creme Maske Feuchtigkeit und k√∂rperbutter,Susanne Kaufmann,5.0,https://www.vinted.de/items/5313389535-2x-susanne-kaufmann-creme-maske-feuchtigkeit-und-korperbutter,EUR,2024-11-01 19:21:39,2024-04-30
5313389602,https://images1.vinted.net/t/01_01424_dTBdEZ2m8dDAJajkDaPkj6yp/f800/1730485265.jpeg?s=6ac26aa1517caa5f5ba0b19d7f1730625f85190e,J√§ckchen,Multiblu,6.0,https://www.vinted.de/items/5313389602-jackchen,EUR,2024-11-01 19:21:39,2024-04-30
5313389518,https://images1.vinted.net/t/03_0047e_Q52njBLJGmLY8KcyRDJFMe7U/f800/1730485264.jpeg?s=fe1b4703619d05bb3c82d01dcb325a639918a0dc,Juvia Leggins,Juvia,40.0,https://www.vinted.de/items/5313389518-juvia-leggins,EUR,2024-11-01 19:21:39,2024-04-30
5313389422,https://images1.vinted.net/t/04_0267e_XL5FTfjz3Q149imqi3pdiF2n/f800/1730485262.jpeg?s=cf998490fca51e29c70fae57269cefc878c8bd30,2 Hosen H&M,H&M,8.0,https://www.vinted.de/items/5313389422-2-hosen-hm,EUR,2024-11-01 19:21:39,2024-04-30
5313389314,https://images1.vinted.net/t/03_00dcc_yCn6T1B37txumgxDLFxVt1BC/f800/1730485261.jpeg?s=49295f23443e3d4f0fa3b0dddc77d9a563684946,NWT Monki Denim Dungarees,Monki,20.0,https://www.vinted.de/items/5313389314-nwt-monki-denim-dungarees,EUR,2024-11-01 19:21:39,2024-04-30
5313389255,https://images1.vinted.net/t/04_00089_R8yp7woY1TFLg3GcVvyauB73/f800/1730485260.jpeg?s=6e5003190b2503373ea682def5df1c5d961efb75,Titel: Nike Frankreich WM 2014 Jacke,Nike,40.0,https://www.vinted.de/items/5313389255-titel-nike-frankreich-wm-2014-jacke,EUR,2024-11-01 19:21:39,2024-04-30
5313389286,https://images1.vinted.net/t/02_019de_LSAm8pM39JYvxtnZfpSyTKGK/f800/1730485261.jpeg?s=730225c1b043dd38cd7e64667206e88f979f5bd4,Playstation 3 - buzz das ultimative Musikquiz - ps3 Spiel,,25.0,https://www.vinted.de/items/5313389286-playstation-3-buzz-das-ultimative-musikquiz-ps3-spiel,EUR,2024-11-01 19:21:39,2024-04-30
5313389176,https://images1.vinted.net/t/02_01231_nuxctbhUtaHGFuQ7Nadyjxij/f800/1730485259.jpeg?s=e748e61df3ebeab3d423f13e0b69972fd67ff083,"Outdoor, Kapuzenjacke, Camp, David, Gr√∂√üe L",Camp David,20.0,https://www.vinted.de/items/5313389176-outdoor-kapuzenjacke-camp-david-grosse-l,EUR,2024-11-01 19:21:40,2024-04-30
5313389464,https://images1.vinted.net/t/03_01f65_Cdy5HE13aAiBTgp65wnbnJfB/f800/1730485263.jpeg?s=8e01705dcf8dff3ce63fc7bf7bb5a565e7b71caa,Shirt Gr M blau,New Yorker,2.0,https://www.vinted.de/items/5313389464-shirt-gr-m-blau,EUR,2024-11-01 19:21:40,2024-04-30
5313389307,https://images1.vinted.net/t/04_01285_zRYatwukjYeMUzaY43mN9qRc/f800/1730485261.jpeg?s=8791e3d09a15fca295b7587cd040a9693ffb29df,H&M Jeans Herren kurz in Gr.S,H&M,15.0,https://www.vinted.de/items/5313389307-hm-jeans-herren-kurz-in-grs,EUR,2024-11-01 19:21:40,2024-04-30
5313298965,https://images1.vinted.net/t/04_01a32_jjQbWWNYMeBUeLn2gZXQ53Z8/f800/1730484163.jpeg?s=1ab7af6d3cd9562936ccd6aa667ebadf76c0f25f,Gazelle,adidas,20.0,https://www.vinted.de/items/5313298965-gazelle,EUR,2024-11-01 19:21:40,2024-04-30
5313389376,https://images1.vinted.net/t/04_00b39_9QCq2583ZZSQfNuHGnV3bbXa/f800/1730485262.jpeg?s=116ea938db89eaa74a350530f09770b63521793b,SHEIN  kurze Bluse,Shein,3.0,https://www.vinted.de/items/5313389376-shein-kurze-bluse,EUR,2024-11-01 19:21:40,2024-04-30
5313389272,https://images1.vinted.net/t/04_00261_PSDWsPt2dZwCxNZk7b8xS9Nk/f800/1730485260.jpeg?s=ccf2bb58e7ae35f875190faa89f5d665a3b871e5,Basic Top Zara,Zara,3.0,https://www.vinted.de/items/5313389272-basic-top-zara,EUR,2024-11-01 19:21:40,2024-04-30
5313294861,https://images1.vinted.net/t/04_00f57_chhxdFqF9MvXmLDJy1BJrujU/f800/1730484115.jpeg?s=2002eef012d152076573cdda54ff62ca13704aa2,Balenciaga Shirt,Balenciaga,65.0,https://www.vinted.de/items/5313294861-balenciaga-shirt,EUR,2024-11-01 19:21:40,2024-04-30
5313389288,https://images1.vinted.net/t/04_01008_j2XWt8DMBCNq879sZfQYY936/f800/1730485261.jpeg?s=c350335224a01ebb4227a046dfc32fb57599cef8,Bianco Evento E317 Bolero,Bianco Evento,30.0,https://www.vinted.de/items/5313389288-bianco-evento-e317-bolero,EUR,2024-11-01 19:21:40,2024-04-30
5313389209,https://images1.vinted.net/t/03_00db5_obzsT7XsMmd6Fp5Vf1kvhZjG/f800/1730485260.jpeg?s=740fc9432d5a6e0f5ff26d7e769df005a5ecd600,Overall Fleece Gr. 68 Disney Minnie Mouse,Disney,8.0,https://www.vinted.de/items/5313389209-overall-fleece-gr-68-disney-minnie-mouse,EUR,2024-11-01 19:21:40,2024-04-30
5313389267,https://images1.vinted.net/t/04_00134_41NPVmCGjmVVjYLjaGB1MuMj/f800/1730485260.jpeg?s=2a8a61498b474f2c30bae154be106cbd57b6cf9d,Jogginghose,adidas Originals,5.0,https://www.vinted.de/items/5313389267-jogginghose,EUR,2024-11-01 19:21:40,2024-04-30
5313389137,https://images1.vinted.net/t/03_00457_1KT7eKBLqe2skMvXyb8Xvxin/f800/1730485259.jpeg?s=0aecba9679f7c3490dbfe03986d487c7fbb70643,Da Doppel  Tunika  B.C,B&C,8.0,https://www.vinted.de/items/5313389137-da-doppel-tunika-bc,EUR,2024-11-01 19:21:40,2024-04-30
5313389106,https://images1.vinted.net/t/03_0117d_fbSKLZSAsQgcs7TVM223kNkq/f800/1730485259.jpeg?s=b50cd76c88a67d56bd148e2e6a9f68c604e492d2,Schleich Husky,Schleich,8.0,https://www.vinted.de/items/5313389106-schleich-husky,EUR,2024-11-01 19:21:40,2024-04-30
5313388913,https://images1.vinted.net/t/04_00beb_3S935yppdvkbzr3HX48nGpdK/f800/1730485256.jpeg?s=12ab28752aa479d2fb3c98f285e94b8ed2dac6f6,Adidas Jacke,adidas,10.0,https://www.vinted.de/items/5313388913-adidas-jacke,EUR,2024-11-01 19:21:40,2024-04-30
5313389011,https://images1.vinted.net/t/04_012b0_PLN81kP2LUUbGzehJwCoaEge/f800/1730485257.jpeg?s=3215c0fd367ac94fa0eb0012e8979c4403a943ac,Adidas Fussball Schuhe 45 Herren,adidas,12.0,https://www.vinted.de/items/5313389011-adidas-fussball-schuhe-45-herren,EUR,2024-11-01 19:21:40,2024-04-30
5313389096,https://images1.vinted.net/t/04_0155b_xf3mB9dQWDu2VxFCMUrFFSNc/f800/1730485258.jpeg?s=ba56abfe8dde80844f3e28a0c9c00b99f39a8f7a,Zara Kleid gebl√ºmt,Zara,12.0,https://www.vinted.de/items/5313389096-zara-kleid-geblumt,EUR,2024-11-01 19:21:41,2024-04-30
5313389051,https://images1.vinted.net/t/04_01feb_7V61zUDHRQt7FmTwCEE6TVNf/f800/1730485258.jpeg?s=74d8f307957f721c03325191a084fa8f919bdef2,Catrice Nagellack,Catrice,1.0,https://www.vinted.de/items/5313389051-catrice-nagellack,EUR,2024-11-01 19:21:41,2024-04-30
5313388562,https://images1.vinted.net/t/04_0136b_Pittyum32EdTotK3pec3phe9/f800/1730485252.jpeg?s=673d1435ff093b3af7fa38af5f0cf6406a391840,"Kinder Jungs, zweistelliges Farbe Pulli",Y.F.K.,10.0,https://www.vinted.de/items/5313388562-kinder-jungs-zweistelliges-farbe-pulli,EUR,2024-11-01 19:21:41,2024-04-30
5313389012,https://images1.vinted.net/t/04_00127_2vpbYMCqwvJhMbDchmbL2Hqu/f800/1730485257.jpeg?s=9cf37a09f0c7145fb8b36322e9706a326f41d358,Lego Mario Set 71398 Dorries Strandgrundst√ºck,LEGO,10.0,https://www.vinted.de/items/5313389012-lego-mario-set-71398-dorries-strandgrundstuck,EUR,2024-11-01 19:21:41,2024-04-30
5313388991,https://images1.vinted.net/t/04_017e9_4KqGsNGRzfaqiF9GruMiEejL/f800/1730485257.jpeg?s=224265d7a3d4b57bcb149b88eecbc8b96c7d9c6f,Hallenschuhe Adidas,adidas,10.0,https://www.vinted.de/items/5313388991-hallenschuhe-adidas,EUR,2024-11-01 19:21:41,2024-04-30
5313388899,https://images1.vinted.net/t/04_0190f_VuA7mbVPcWGXWVcRX8SYjBW6/f800/1730485256.jpeg?s=98a8d259850ca8004028ebefe7ebe55f828a7f42,Wei√üer Babyschlafanzug 2024,Shein,2.0,https://www.vinted.de/items/5313388899-weisser-babyschlafanzug-2024,EUR,2024-11-01 19:21:41,2024-04-30
5313388849,https://images1.vinted.net/t/03_000cd_rM6SHAYZcCTbaqg2Qce5paS7/f800/1730485255.jpeg?s=9a9ae0c03295b54fd396fa574326f826312c4f0a,Abendkleid in der Gr√∂√üe S,ASOS,90.0,https://www.vinted.de/items/5313388849-abendkleid-in-der-grosse-s,EUR,2024-11-01 19:21:41,2024-04-30
5313388698,https://images1.vinted.net/t/02_002ec_t6fhpx1pk1A33iTg8uzhA7WU/f800/1730485254.jpeg?s=6c2e5e6da707d85dad39337032543d707e8f9ffe,Next Weihnacht‚Äôs Langarmshirt Gr√∂√üe 128 Neu mit Etikett,Next,15.0,https://www.vinted.de/items/5313388698-next-weihnachts-langarmshirt-grosse-128-neu-mit-etikett,EUR,2024-11-01 19:21:41,2024-04-30
5313388943,https://images1.vinted.net/t/04_00d0b_xWxe8uN1882n2NLQBYD1ogUq/f800/1730485257.jpeg?s=0ec4692ca94ea8837ec0d3edf984951cac52b1ba,#347 T-Shirt von Rainbow in bordeaux,Rainbow,3.0,https://www.vinted.de/items/5313388943-347-t-shirt-von-rainbow-in-bordeaux,EUR,2024-11-01 19:21:41,2024-04-30
5313388901,https://images1.vinted.net/t/04_00fcd_wPQiCBYgsg81EVqK98TJPtG7/f800/1730485256.jpeg?s=c1bfc261b8de78a41a08d6d3b264e48d67f8a44e,s√º√ües Winterkleid,Reserved,15.0,https://www.vinted.de/items/5313388901-susses-winterkleid,EUR,2024-11-01 19:21:41,2024-04-30
5313388688,https://images1.vinted.net/t/03_021cb_wNfCdjuPSjnprbyYVDC4P51j/f800/1730485253.jpeg?s=baa1e574752c90786fbd02ef3495e9af56f3bcdc,Adidas T-Shirt,adidas,6.0,https://www.vinted.de/items/5313388688-adidas-t-shirt,EUR,2024-11-01 19:21:41,2024-04-30
5313388606,https://images1.vinted.net/t/01_00ef1_xPTcSG3BqaW1gKChDKzfJuzK/f800/1730485252.jpeg?s=6e3ed9825b652eb7029af46afc733609cfc54883,Spitzen Oberteil schwarz  Gr√∂√üe M,H&M,5.0,https://www.vinted.de/items/5313388606-spitzen-oberteil-schwarz-grosse-m,EUR,2024-11-01 19:21:41,2024-04-30
5313388740,https://images1.vinted.net/t/04_00bb4_Etz5cgbqiiwShtbPrshGvm31/f800/1730485254.jpeg?s=9a820acff30d8d2735a6dc8f2afd350f3ce491e1,Frieren Fern,FuRyu,40.0,https://www.vinted.de/items/5313388740-frieren-fern,EUR,2024-11-01 19:21:41,2024-04-30
5313388519,https://images1.vinted.net/t/02_020e6_thitYj8aWm7c2TmzQxwPqmJk/f800/1730485251.jpeg?s=26b24245e0ba30aa514961bcfdc482ba753f47ca,Anzug Overall Fleece grau Bornino 62/68 unisex kuschelig,Bornino,8.0,https://www.vinted.de/items/5313388519-anzug-overall-fleece-grau-bornino-6268-unisex-kuschelig,EUR,2024-11-01 19:21:41,2024-04-30
5313388607,https://images1.vinted.net/t/04_02104_EynwbRFwzKsV6zBtDZHsJ7RA/f800/1730485252.jpeg?s=3009364a03816dcf02f9235426bf4532cb2c558c,Reithose mit Einsatz,crane,4.0,https://www.vinted.de/items/5313388607-reithose-mit-einsatz,EUR,2024-11-01 19:21:42,2024-04-30
5313388731,https://images1.vinted.net/t/04_00a94_K3JnjeuZhyUjWjpWeFduwH4z/f800/1730485254.jpeg?s=36b95ff570725f61a8f1f3f42c1075cdbbde2247,Tommy Hilfiger wattierte Weste,Tommy Hilfiger,28.0,https://www.vinted.de/items/5313388731-tommy-hilfiger-wattierte-weste,EUR,2024-11-01 19:21:42,2024-04-30
5313388255,https://images1.vinted.net/t/02_0012b_5nPrmTUxQMRnGx3R246P6VdQ/f800/1730485248.jpeg?s=f25d1128b066fe2d65769846ed54a9e3de43199a,"Abendkleid von Hollister, Gr√∂√üe 34",Hollister,22.0,https://www.vinted.de/items/5313388255-abendkleid-von-hollister-grosse-34,EUR,2024-11-01 19:21:42,2024-04-30
5313388540,https://images1.vinted.net/t/04_01376_qxpeeq3JCXDSPshJcS1Tvrzx/f800/1730485252.jpeg?s=22f2be970563518de3db18608e34f60354f3ec85,Hollister Jeans Gr.25R(S),Hollister,20.0,https://www.vinted.de/items/5313388540-hollister-jeans-gr25rs,EUR,2024-11-01 19:21:42,2024-04-30
5313388643,https://images1.vinted.net/t/04_013c0_Y6bnP2wCYi16HTmGVXsJS3VN/f800/1730485253.jpeg?s=90700e772aa14a5d539d9f8e7c08276660b73719,Morgenmantel / Bademantel 74,Ergee,3.0,https://www.vinted.de/items/5313388643-morgenmantel-bademantel-74,EUR,2024-11-01 19:21:42,2024-04-30
5313389051,https://images1.vinted.net/t/04_01feb_7V61zUDHRQt7FmTwCEE6TVNf/f800/1730485258.jpeg?s=74d8f307957f721c03325191a084fa8f919bdef2,Catrice Nagellack,Catrice,1.0,https://www.vinted.de/items/5313389051-catrice-nagellack,EUR,2024-11-01 19:21:44,2024-04-30
5313388562,https://images1.vinted.net/t/04_0136b_Pittyum32EdTotK3pec3phe9/f800/1730485252.jpeg?s=673d1435ff093b3af7fa38af5f0cf6406a391840,"Kinder Jungs, zweistelliges Farbe Pulli",Y.F.K.,10.0,https://www.vinted.de/items/5313388562-kinder-jungs-zweistelliges-farbe-pulli,EUR,2024-11-01 19:21:44,2024-04-30
5313388991,https://images1.vinted.net/t/04_017e9_4KqGsNGRzfaqiF9GruMiEejL/f800/1730485257.jpeg?s=224265d7a3d4b57bcb149b88eecbc8b96c7d9c6f,Hallenschuhe Adidas,adidas,10.0,https://www.vinted.de/items/5313388991-hallenschuhe-adidas,EUR,2024-11-01 19:21:44,2024-04-30
5313389012,https://images1.vinted.net/t/04_00127_2vpbYMCqwvJhMbDchmbL2Hqu/f800/1730485257.jpeg?s=9cf37a09f0c7145fb8b36322e9706a326f41d358,Lego Mario Set 71398 Dorries Strandgrundst√ºck,LEGO,10.0,https://www.vinted.de/items/5313389012-lego-mario-set-71398-dorries-strandgrundstuck,EUR,2024-11-01 19:21:44,2024-04-30
5313388899,https://images1.vinted.net/t/04_0190f_VuA7mbVPcWGXWVcRX8SYjBW6/f800/1730485256.jpeg?s=98a8d259850ca8004028ebefe7ebe55f828a7f42,Wei√üer Babyschlafanzug 2024,Shein,2.0,https://www.vinted.de/items/5313388899-weisser-babyschlafanzug-2024,EUR,2024-11-01 19:21:44,2024-04-30
5313388849,https://images1.vinted.net/t/03_000cd_rM6SHAYZcCTbaqg2Qce5paS7/f800/1730485255.jpeg?s=9a9ae0c03295b54fd396fa574326f826312c4f0a,Abendkleid in der Gr√∂√üe S,ASOS,90.0,https://www.vinted.de/items/5313388849-abendkleid-in-der-grosse-s,EUR,2024-11-01 19:21:44,2024-04-30
5313388698,https://images1.vinted.net/t/02_002ec_t6fhpx1pk1A33iTg8uzhA7WU/f800/1730485254.jpeg?s=6c2e5e6da707d85dad39337032543d707e8f9ffe,Next Weihnacht‚Äôs Langarmshirt Gr√∂√üe 128 Neu mit Etikett,Next,15.0,https://www.vinted.de/items/5313388698-next-weihnachts-langarmshirt-grosse-128-neu-mit-etikett,EUR,2024-11-01 19:21:44,2024-04-30
5313388943,https://images1.vinted.net/t/04_00d0b_xWxe8uN1882n2NLQBYD1ogUq/f800/1730485257.jpeg?s=0ec4692ca94ea8837ec0d3edf984951cac52b1ba,#347 T-Shirt von Rainbow in bordeaux,Rainbow,3.0,https://www.vinted.de/items/5313388943-347-t-shirt-von-rainbow-in-bordeaux,EUR,2024-11-01 19:21:44,2024-04-30
5313388901,https://images1.vinted.net/t/04_00fcd_wPQiCBYgsg81EVqK98TJPtG7/f800/1730485256.jpeg?s=c1bfc261b8de78a41a08d6d3b264e48d67f8a44e,s√º√ües Winterkleid,Reserved,15.0,https://www.vinted.de/items/5313388901-susses-winterkleid,EUR,2024-11-01 19:21:44,2024-04-30
5313388688,https://images1.vinted.net/t/03_021cb_wNfCdjuPSjnprbyYVDC4P51j/f800/1730485253.jpeg?s=baa1e574752c90786fbd02ef3495e9af56f3bcdc,Adidas T-Shirt,adidas,6.0,https://www.vinted.de/items/5313388688-adidas-t-shirt,EUR,2024-11-01 19:21:44,2024-04-30
5313388606,https://images1.vinted.net/t/01_00ef1_xPTcSG3BqaW1gKChDKzfJuzK/f800/1730485252.jpeg?s=6e3ed9825b652eb7029af46afc733609cfc54883,Spitzen Oberteil schwarz  Gr√∂√üe M,H&M,5.0,https://www.vinted.de/items/5313388606-spitzen-oberteil-schwarz-grosse-m,EUR,2024-11-01 19:21:44,2024-04-30
5313388740,https://images1.vinted.net/t/04_00bb4_Etz5cgbqiiwShtbPrshGvm31/f800/1730485254.jpeg?s=9a820acff30d8d2735a6dc8f2afd350f3ce491e1,Frieren Fern,FuRyu,40.0,https://www.vinted.de/items/5313388740-frieren-fern,EUR,2024-11-01 19:21:44,2024-04-30
5313388519,https://images1.vinted.net/t/02_020e6_thitYj8aWm7c2TmzQxwPqmJk/f800/1730485251.jpeg?s=26b24245e0ba30aa514961bcfdc482ba753f47ca,Anzug Overall Fleece grau Bornino 62/68 unisex kuschelig,Bornino,8.0,https://www.vinted.de/items/5313388519-anzug-overall-fleece-grau-bornino-6268-unisex-kuschelig,EUR,2024-11-01 19:21:44,2024-04-30
5313388607,https://images1.vinted.net/t/04_02104_EynwbRFwzKsV6zBtDZHsJ7RA/f800/1730485252.jpeg?s=3009364a03816dcf02f9235426bf4532cb2c558c,Reithose mit Einsatz,crane,4.0,https://www.vinted.de/items/5313388607-reithose-mit-einsatz,EUR,2024-11-01 19:21:44,2024-04-30
5313388731,https://images1.vinted.net/t/04_00a94_K3JnjeuZhyUjWjpWeFduwH4z/f800/1730485254.jpeg?s=36b95ff570725f61a8f1f3f42c1075cdbbde2247,Tommy Hilfiger wattierte Weste,Tommy Hilfiger,28.0,https://www.vinted.de/items/5313388731-tommy-hilfiger-wattierte-weste,EUR,2024-11-01 19:21:44,2024-04-30
5313388255,https://images1.vinted.net/t/02_0012b_5nPrmTUxQMRnGx3R246P6VdQ/f800/1730485248.jpeg?s=f25d1128b066fe2d65769846ed54a9e3de43199a,"Abendkleid von Hollister, Gr√∂√üe 34",Hollister,22.0,https://www.vinted.de/items/5313388255-abendkleid-von-hollister-grosse-34,EUR,2024-11-01 19:21:44,2024-04-30
5313388540,https://images1.vinted.net/t/04_01376_qxpeeq3JCXDSPshJcS1Tvrzx/f800/1730485252.jpeg?s=22f2be970563518de3db18608e34f60354f3ec85,Hollister Jeans Gr.25R(S),Hollister,20.0,https://www.vinted.de/items/5313388540-hollister-jeans-gr25rs,EUR,2024-11-01 19:21:44,2024-04-30
5313388643,https://images1.vinted.net/t/04_013c0_Y6bnP2wCYi16HTmGVXsJS3VN/f800/1730485253.jpeg?s=90700e772aa14a5d539d9f8e7c08276660b73719,Morgenmantel / Bademantel 74,Ergee,3.0,https://www.vinted.de/items/5313388643-morgenmantel-bademantel-74,EUR,2024-11-01 19:21:44,2024-04-30
5313388777,https://images1.vinted.net/t/02_019aa_5HxZht7AHdoCp4tSdvBpwh8m/f800/1730485254.jpeg?s=ffcd74708da0195c733cfafc4dfd0aa4482b1834,Kost√ºm mit Hut,Sonstiges,17.0,https://www.vinted.de/items/5313388777-kostum-mit-hut,EUR,2024-11-01 19:21:44,2024-04-30
5313388441,https://images1.vinted.net/t/04_012c6_za6XSvuqW6VhRCk7Di841K9L/f800/1730485251.jpeg?s=fd5d9a33a88113b67c227211b7942ba8512b2740,Hose Please,Please,10.0,https://www.vinted.de/items/5313388441-hose-please,EUR,2024-11-01 19:21:45,2024-04-30
5313388708,https://images1.vinted.net/t/04_00156_Yt8wbutwQWC7kVe5x5MJ4JPj/f800/1730485254.jpeg?s=7f31dba43e42aa9c8896c7f02dc1a101da890c59,Tolle Jogging Hose von the north Face Gr. L,The North Face,30.0,https://www.vinted.de/items/5313388708-tolle-jogging-hose-von-the-north-face-gr-l,EUR,2024-11-01 19:21:45,2024-04-30
5313388594,https://images1.vinted.net/t/02_01465_c6sFdrJfaRthjdKPCAvjhne4/f800/1730485252.jpeg?s=91c9913cad078a723636eef52f7ea41521c1123a,Kinderbibel NEU,,14.0,https://www.vinted.de/items/5313388594-kinderbibel-neu,EUR,2024-11-01 19:21:45,2024-04-30
5313388623,https://images1.vinted.net/t/04_01b07_Bc8pFzMDgKY4NBp46X47Hgg3/f800/1730485253.jpeg?s=3fb5a94c9df46ed48ee6322c3294717d80fd9263,Gestreifter Pullover,Mango Kids,6.0,https://www.vinted.de/items/5313388623-gestreifter-pullover,EUR,2024-11-01 19:21:45,2024-04-30
5313388616,https://images1.vinted.net/t/03_0131e_izVY6kMvH9fjjXv1qefXaReV/f800/1730485252.jpeg?s=0e2a8fb1d6bcba74fbca6ab6ab61c3240982aa06,MK G√ºrtel,Michael Kors,75.0,https://www.vinted.de/items/5313388616-mk-gurtel,EUR,2024-11-01 19:21:45,2024-04-30
5313388437,https://images1.vinted.net/t/01_01c60_MyyTyf8LJDMJc3KU7Sepdou7/f800/1730485251.jpeg?s=c404e27d596c331f7075d3f39fcc6165cfb37d7d,Jungen Body,Ernsting's family,1.0,https://www.vinted.de/items/5313388437-jungen-body,EUR,2024-11-01 19:21:45,2024-04-30
5313388193,https://images1.vinted.net/t/04_01f81_6d9dsXadJjCXcf3zuQNBoqZc/f800/1730485248.jpeg?s=35e475c280874fddbe3ac16a6c77d32028bbdd1f,"Rock von s.Oliver in lila in Gr√∂√üe 34, Stretch, Gehschlitz",s.Oliver,1.0,https://www.vinted.de/items/5313388193-rock-von-soliver-in-lila-in-grosse-34-stretch-gehschlitz,EUR,2024-11-01 19:21:45,2024-04-30
5313388243,https://images1.vinted.net/t/03_016da_spqWqPHUC6EABdDb8c2wDoHU/f800/1730485248.jpeg?s=604fe414ae2665b131b4cbab4506702c4177745f,"Adidas Jogging Hose, Schwarz Wei√ü, Gr√∂√üe S Neu",adidas,10.0,https://www.vinted.de/items/5313388243-adidas-jogging-hose-schwarz-weiss-grosse-s-neu,EUR,2024-11-01 19:21:45,2024-04-30
5313388423,https://images1.vinted.net/t/03_00a0b_bWiv3vs82eYHF6DqG7QZRiy6/f800/1730485250.jpeg?s=b3227e41e48c7ece16354a325ea242100c5f6cca,Hellblauer kurzer Pullover Gr.36,Primark,3.0,https://www.vinted.de/items/5313388423-hellblauer-kurzer-pullover-gr36,EUR,2024-11-01 19:21:45,2024-04-30
5313388593,https://images1.vinted.net/t/02_0212c_XGmvrP37kKYNdqF6PX4MidnX/f800/1730485252.jpeg?s=c501698b2bf93156d2434d4e1b74f56b2ca29d89,Winterjacke Esprit 92,Esprit,12.0,https://www.vinted.de/items/5313388593-winterjacke-esprit-92,EUR,2024-11-01 19:21:45,2024-04-30
5313388313,https://images1.vinted.net/t/04_01a40_dX5X2e6P3AwEQM7Fz38XoYpk/f800/1730485249.jpeg?s=a856cbb3950fc469299c4beadf718367b78a3a4b,Pullover,Ellesse,10.0,https://www.vinted.de/items/5313388313-pullover,EUR,2024-11-01 19:21:45,2024-04-30
5313388493,https://images1.vinted.net/t/02_00366_zk8bAgUyFa7sqC1ranff5XNz/f800/1730485251.jpeg?s=a4c0ef864eb90131b780947a56b2867ea4686ba0,Pepe Jeans Venus Lower waist,Pepe Jeans,40.0,https://www.vinted.de/items/5313388493-pepe-jeans-venus-lower-waist,EUR,2024-11-01 19:21:45,2024-04-30
5313388479,https://images1.vinted.net/t/02_01a60_QqDEoESGDnBHK3sg7jFod43a/f800/1730485251.jpeg?s=2772761063196234ce47fa819c49bc71b5212087,Matschanzug Topomini Gr√∂√üe 92,Topomini,10.0,https://www.vinted.de/items/5313388479-matschanzug-topomini-grosse-92,EUR,2024-11-01 19:21:46,2024-04-30
5313388477,https://images1.vinted.net/t/01_01704_iGxxUy9dsZZn8rUcda28gJJE/f800/1730485251.jpeg?s=e5e64c122e380ca572c281b0bdc9e04960353151,Kleine B√ºcher: Liselotte,,5.0,https://www.vinted.de/items/5313388477-kleine-bucher-liselotte,EUR,2024-11-01 19:21:46,2024-04-30
5313388445,https://images1.vinted.net/t/04_0123c_qgp6ZoStzTCeXiY2Gp3knfp1/f800/1730485251.jpeg?s=9638ff1546076474d7bc3c84e0fc7a8041cc23e0,Strickkleid,Topomini,2.5,https://www.vinted.de/items/5313388445-strickkleid,EUR,2024-11-01 19:21:46,2024-04-30
5313388440,https://images1.vinted.net/t/04_0267b_nucmXhUenFFo4pR5WYoCgmB1/f800/1730485251.jpeg?s=3a968d91ba5c29f9ec779f8b8b739f2fe0df8446,Only Hose,ONLY,15.0,https://www.vinted.de/items/5313388440-only-hose,EUR,2024-11-01 19:21:46,2024-04-30
5313388299,https://images1.vinted.net/t/04_0138b_DhHrUQZ82tvvbBZWVuEUa9sd/f800/1730485249.jpeg?s=490ed55158ae17fc2433c7e800235c3830f16d1c,Jako Torwarttrikot Kinder 128,Jako,10.0,https://www.vinted.de/items/5313388299-jako-torwarttrikot-kinder-128,EUR,2024-11-01 19:21:46,2024-04-30
5313388366,https://images1.vinted.net/t/04_020de_dLggJS7MnzFv5qLtcEiUWSJm/f800/1730485250.jpeg?s=5d1150e743150f28ed5e4a6ba6467ec089c2b42b,Mango Oberteil blau,Mango,4.0,https://www.vinted.de/items/5313388366-mango-oberteil-blau,EUR,2024-11-01 19:21:46,2024-04-30
5313388466,https://images1.vinted.net/t/04_0125a_7yXjxYMq1eV5k4RZJE79nckX/f800/1730485251.jpeg?s=e350c1ab42de2bee910df4e401c6b49a4e04badd,Nikolaus mit Laterne H√∂he ca. 42 cm,,20.0,https://www.vinted.de/items/5313388466-nikolaus-mit-laterne-hohe-ca-42-cm,EUR,2024-11-01 19:21:46,2024-04-30
5313388296,https://images1.vinted.net/t/04_00553_3C2BTyk8FoT9nvh6HxidofBn/f800/1730485249.jpeg?s=0ca61e422a2d473d095a021c06f6026044bd62a5,Strampler mit Shirt,Kanz,2.0,https://www.vinted.de/items/5313388296-strampler-mit-shirt,EUR,2024-11-01 19:21:46,2024-04-30
5313388092,https://images1.vinted.net/t/03_01040_7uaHgQyUuWCbgNcCcJtJqR6x/f800/1730485246.jpeg?s=b01bec14fea0f2812d6886a3a4d674e24d91f5ca,BH Marken-B√ºstenhalter PushUp Gelb 75B-75C 34-36,Sonstiges,6.0,https://www.vinted.de/items/5313388092-bh-marken-bustenhalter-pushup-gelb-75b-75c-34-36,EUR,2024-11-01 19:21:46,2024-04-30
5313388185,https://images1.vinted.net/t/04_024e1_75Xg39FtNxwxFjyyocp6sb6k/f800/1730485248.jpeg?s=fb95aa570d9ecf2d21431a19d5ce2bb51dc368a9,Zara Pullover Gr√∂√üe 110/116,Zara,5.0,https://www.vinted.de/items/5313388185-zara-pullover-grosse-110116,EUR,2024-11-01 19:21:46,2024-04-30
5313388301,https://images1.vinted.net/t/04_014af_gntbVKynL49667WTkZu51zXB/f800/1730485249.jpeg?s=83d32438e195b35ad2ef881cd0b09f69e5cd02f6,Ohrringe Modeschmuck Glitzer,,9.0,https://www.vinted.de/items/5313388301-ohrringe-modeschmuck-glitzer,EUR,2024-11-01 19:21:46,2024-04-30
5313388132,https://images1.vinted.net/t/03_02487_jXdUesE1b73PpjCgz5n621Ka/f800/1730485247.jpeg?s=12fc17e89bca58a2b55c7196d932963f8dad18ec,Pyjama Gr.122/128,Peppa Pig,6.0,https://www.vinted.de/items/5313388132-pyjama-gr122128,EUR,2024-11-01 19:21:46,2024-04-30
5313388118,https://images1.vinted.net/t/04_01e29_qXNqV2DSbRVXbFTvLVPv9YpQ/f800/1730485247.jpeg?s=1fd664c91f3c2cb3bfe098278da22f25579b4aed,Kette Herz,Silber,14.0,https://www.vinted.de/items/5313388118-kette-herz,EUR,2024-11-01 19:21:46,2024-04-30
5313387982,https://images1.vinted.net/t/04_01bc8_iSMdm2VNb4XXRytsg4Q6BsSp/f800/1730485245.jpeg?s=fadfad62ef1c0471fa0158316b6dec578db5f369,Schwarze Echt Lederjacke Vintage,Schwarze,58.0,https://www.vinted.de/items/5313387982-schwarze-echt-lederjacke-vintage,EUR,2024-11-01 19:21:47,2024-04-30
5313387919,https://images1.vinted.net/t/04_01534_oH142W2VCz8ttx6q6EGDaRmu/f800/1730485244.jpeg?s=fdf33ee6cf2808402a34ff872375f047ac8c6080,Only Jeans 27/30,ONLY,12.0,https://www.vinted.de/items/5313387919-only-jeans-2730,EUR,2024-11-01 19:21:47,2024-04-30
5313388282,https://images1.vinted.net/t/03_0216e_TbxKAxV3iRbV9HbqB3XGcQn7/f800/1730485249.jpeg?s=0d8c4e6d19ce555677de79e87b7382878c407d02,Pullover,Zara,5.0,https://www.vinted.de/items/5313388282-pullover,EUR,2024-11-01 19:21:47,2024-04-30
5313388145,https://images1.vinted.net/t/04_01ef8_PV7qek7XBgE3EGFyDmeb13r6/f800/1730485247.jpeg?s=e9f4d48dfa0fdd71ad5da2f9fa1c470b17210885,Ohrringe,H&M,3.0,https://www.vinted.de/items/5313388145-ohrringe,EUR,2024-11-01 19:21:47,2024-04-30
5313388015,https://images1.vinted.net/t/03_0254c_YeftnBb8WzHLnJejvV8bCXtk/f800/1730485245.jpeg?s=f16f0d80eff6ee29e75eda08147c7e4be7339d41,Oversize Hoodie Pullover Sehr Warm Braun Caramel von Gina Gr. XXL wie NEU,Gina,29.0,https://www.vinted.de/items/5313388015-oversize-hoodie-pullover-sehr-warm-braun-caramel-von-gina-gr-xxl-wie-neu,EUR,2024-11-01 19:21:47,2024-04-30
5313388080,https://images1.vinted.net/t/01_00a59_pnzo6YTiF6joAM5X2dUX1nNx/f800/1730485246.jpeg?s=9a81f2ae1a8fd1ead7973fcdf488b8e4298fa2e9,Zweiteiler,Trendyol,4.0,https://www.vinted.de/items/5313388080-zweiteiler,EUR,2024-11-01 19:21:47,2024-04-30
5313388032,https://images1.vinted.net/t/04_00c44_toA618sMAJ1sccsBwqcnRuhE/f800/1730485246.jpeg?s=318219577239d0614dcc1cf5a49943249535b117,Meine Gute Nacht Geschichten Biblische Erz√§hlungen,,5.0,https://www.vinted.de/items/5313388032-meine-gute-nacht-geschichten-biblische-erzahlungen,EUR,2024-11-01 19:21:47,2024-04-30
5313388095,https://images1.vinted.net/t/03_01293_M5gNqZPTqFE9MWSSjJUBTvGn/f800/1730485246.jpeg?s=fb178fcd698a3559044bc02b0027253d75ac0108,Pulsblu Fell Weste neuwertig,Pusblu,9.95,https://www.vinted.de/items/5313388095-pulsblu-fell-weste-neuwertig,EUR,2024-11-01 19:21:47,2024-04-30
5313387848,https://images1.vinted.net/t/02_0087e_tJWtrXPawT9tVBVcA2WmzaLg/f800/1730485244.jpeg?s=4c9ef30979bb36b5776c9b17636251d775f8cb6d,Goldenes Glitzer Kleid,H&M,5.0,https://www.vinted.de/items/5313387848-goldenes-glitzer-kleid,EUR,2024-11-01 19:21:47,2024-04-30
5313387964,https://images1.vinted.net/t/01_00dd3_MgDFqf6qdgVmuTXPPv6MPZeq/f800/1730485245.jpeg?s=a78083cb29195c1a73e7b91ba421c967f29de727,Mintfarbenes Kleid Peek und Clopenburg,Peek & Cloppenburg,50.0,https://www.vinted.de/items/5313387964-mintfarbenes-kleid-peek-und-clopenburg,EUR,2024-11-01 19:21:47,2024-04-30
5313387902,https://images1.vinted.net/t/03_02056_y9EKNBFS1YDaJgKKnbmYdhJJ/f800/1730485244.jpeg?s=98c18cfc8dcda72134ae63a1977acdbede116e9c,Festliches Ballkleid,Sonstiges,13.0,https://www.vinted.de/items/5313387902-festliches-ballkleid,EUR,2024-11-01 19:21:47,2024-04-30
5313388101,https://images1.vinted.net/t/03_006d9_AXmD4AzL3qogQdJNWd3XS2tY/f800/1730485246.jpeg?s=0941d400f697d64ed67513b387b467ed1e3c3f2f,Adidas Zip-Jacke,adidas,20.0,https://www.vinted.de/items/5313388101-adidas-zip-jacke,EUR,2024-11-01 19:21:47,2024-04-30
5313387867,https://images1.vinted.net/t/01_020dd_QfjKtZBQx9ZQkbL8mGCZPoo8/f800/1730485244.jpeg?s=961bb9a8ca2c6d43582411e81215fcb614d2b3c9,Winterleggins,s.Oliver,7.5,https://www.vinted.de/items/5313387867-winterleggins,EUR,2024-11-01 19:21:47,2024-04-30
5313361483,https://images1.vinted.net/t/04_0174e_PeyJkPMe6cGPx1MWBfRrFRp1/f800/1730484916.jpeg?s=eb1402ea5008d1feb1e9bc3b5f8aac1676723415,Langarmshirt,Esprit,1.5,https://www.vinted.de/items/5313361483-langarmshirt,EUR,2024-11-01 19:21:48,2024-04-30
5313388026,https://images1.vinted.net/t/01_020f9_gHAAc7p7j2weE9Q8MYFf2waC/f800/1730485246.jpeg?s=63cc1274ebe07d886eae4abf3d02ba4e7a66ff72,Overknees,unbekannt,5.0,https://www.vinted.de/items/5313388026-overknees,EUR,2024-11-01 19:21:48,2024-04-30
5313387674,https://images1.vinted.net/t/04_005b6_CwqR6GKNLBdGEjSSe16cnjpL/f800/1730485241.jpeg?s=235c683fdf2e9c2fce9a285a05f53a4b08345116,Jogginghose Ergee,Ergee,2.5,https://www.vinted.de/items/5313387674-jogginghose-ergee,EUR,2024-11-01 19:21:48,2024-04-30
5313387785,https://images1.vinted.net/t/03_007c1_yRVK9DffpEEoVq92rBEiKR2h/f800/1730485243.jpeg?s=4f9e61936e3edac1091632549bf12e1b5fa6bf00,Maxmara Weekend  Knit Crop Pullover Beige Taupe S NP.285 EUR,Weekend,45.0,https://www.vinted.de/items/5313387785-maxmara-weekend-knit-crop-pullover-beige-taupe-s-np285-eur,EUR,2024-11-01 19:21:48,2024-04-30
5313387843,https://images1.vinted.net/t/04_00530_ZVHyDdVzHX9Tavi6BWvfjk8G/f800/1730485243.jpeg?s=ce90e8e2d0216db792292eb66f8ee8dd03fc09a9,Newborn Hose,H&M,1.5,https://www.vinted.de/items/5313387843-newborn-hose,EUR,2024-11-01 19:21:48,2024-04-30
5313387871,https://images1.vinted.net/t/04_01944_dk3FiuC4Vk1RcrvQCSLA6Z5F/f800/1730485244.jpeg?s=de8f8b580e0e32bad3916e4ce944b32a1696a598,Gef√ºtterte Winterschuhe von Pepino Ricosta,Ricosta,10.0,https://www.vinted.de/items/5313387871-gefutterte-winterschuhe-von-pepino-ricosta,EUR,2024-11-01 19:21:48,2024-04-30
5313387619,https://images1.vinted.net/t/04_01c3d_ZJ8LN1m6mUuEviD8YeYKdU4Q/f800/1730485240.jpeg?s=4ad92db19eed81344ede3000dbcee18da5af2ee6,Gebor Stiefel Gr√∂√üe 39,Gabor,13.0,https://www.vinted.de/items/5313387619-gebor-stiefel-grosse-39,EUR,2024-11-01 19:21:48,2024-04-30
5313388009,https://images1.vinted.net/t/04_01e28_B6qjJrb3EUqLRphE1ytEy7rt/f800/1730485245.jpeg?s=0af3f323972d69fb5b95f6f1a1450b2c5e156233,Strickweste,Sonstiges,2.0,https://www.vinted.de/items/5313388009-strickweste,EUR,2024-11-01 19:21:48,2024-04-30
5313387897,https://images1.vinted.net/t/03_017ad_6YAAxQaDtxSQAyAbFtTqAkJW/f800/1730485244.jpeg?s=204505cfa1e05cebe2053ef07851aa7313ae4ed2,M√ºtze Gr√∂√üe 68,Topomini,1.0,https://www.vinted.de/items/5313387897-mutze-grosse-68,EUR,2024-11-01 19:21:48,2024-04-30
5313387901,https://images1.vinted.net/t/02_005d0_X4Dgna3XPnwqkuVeNkPPcd5x/f800/1730485244.jpeg?s=3a323139de528a6f91b559a41e96fddfe130bb2c,Wei√üer kenzo Pullover,Kenzo,25.0,https://www.vinted.de/items/5313387901-weisser-kenzo-pullover,EUR,2024-11-01 19:21:48,2024-04-30
5313387947,https://images1.vinted.net/t/04_01498_kwvHnBP1ErSFUzQZuTWD6UrY/f800/1730485245.jpeg?s=7d69d8ee8820d0536ade215a3a48d59789c95cb8,Umh√§nge Tasche Flieder NEU!,Zalando,13.0,https://www.vinted.de/items/5313387947-umhange-tasche-flieder-neu,EUR,2024-11-01 19:21:48,2024-04-30
5313387665,https://images1.vinted.net/t/03_022dc_QZs9jrEukgqnAAGkY1NsrvSw/f800/1730485241.jpeg?s=dd14abfc8d599b8514700c5237dd39745c52d6ff,3er Set Langarm Shirts,Sonstiges,6.0,https://www.vinted.de/items/5313387665-3er-set-langarm-shirts,EUR,2024-11-01 19:21:49,2024-04-30
5313387556,https://images1.vinted.net/t/04_01a80_4MXoyza9J1CYqzzybXxfeQeo/f800/1730485240.jpeg?s=00d41231fc2f6599d13a18a4440f33b278901be4,Schwarzer Damenanzug mit Rock und goldenen Details ‚Äì Gr√∂√üe 42,matex,20.0,https://www.vinted.de/items/5313387556-schwarzer-damenanzug-mit-rock-und-goldenen-details-grosse-42,EUR,2024-11-01 19:21:49,2024-04-30
5313387780,https://images1.vinted.net/t/01_005f5_ht5t7ZiuJjgy7SUW9tqivouw/f800/1730485243.jpeg?s=6afa7da5d368bb095c90f64da6114664cba8e5ee,Dolce & Gabbana Armband Chilischote,Dolce & Gabbana,35.0,https://www.vinted.de/items/5313387780-dolce-gabbana-armband-chilischote,EUR,2024-11-01 19:21:49,2024-04-30
5313387333,https://images1.vinted.net/t/04_013cf_d6tHqbWnRT96aJHmmf15bRqb/f800/1730485237.jpeg?s=f208281c91c6353323fb9729da130c288109ad8c,Mehrere Hosen,Topolino,5.0,https://www.vinted.de/items/5313387333-mehrere-hosen,EUR,2024-11-01 19:21:49,2024-04-30
5313387612,https://images1.vinted.net/t/03_01611_F1quUcjtwLxSrypRsKysEQTH/f800/1730485240.jpeg?s=8b31f1c5f3128dc4659035552a58fab8100533a5,Wundersch√∂ner Strickpullover Pullover,Zara,5.0,https://www.vinted.de/items/5313387612-wunderschoner-strickpullover-pullover,EUR,2024-11-01 19:21:49,2024-04-30
5313387759,https://images1.vinted.net/t/04_00587_rW44CXXWAbrQyLJmUCEx5beg/f800/1730485242.jpeg?s=7f23f8d6c9f8476ae302837c42443b9844dcb26d,Wolljacke von s‚ÄòOliver in 38,s.Oliver,10.0,https://www.vinted.de/items/5313387759-wolljacke-von-soliver-in-38,EUR,2024-11-01 19:21:49,2024-04-30
5313387790,https://images1.vinted.net/t/03_0175d_tqQe1STc5z25pkEp5oDH2abB/f800/1730485243.jpeg?s=6cb3b1985e8f219dcacc1a57ede15ed2dc18a7d6,2‚Äòer Pack Neue Tops,Sonstiges,4.0,https://www.vinted.de/items/5313387790-2er-pack-neue-tops,EUR,2024-11-01 19:21:49,2024-04-30
5313387672,https://images1.vinted.net/t/04_014e4_WEX5Fm7Ucp3A1qqGT78voJhx/f800/1730485241.jpeg?s=97ac01ae165470492399771d93b2cb3415dfa378,Spiegel in wei√ü,Sonstiges,8.0,https://www.vinted.de/items/5313387672-spiegel-in-weiss,EUR,2024-11-01 19:21:49,2024-04-30
5313387531,https://images1.vinted.net/t/04_021f3_in1dUX5cFj8SdaKRwWFVhf3G/f800/1730485239.jpeg?s=a006f33fc28daaed3b0d1664a30bc183dc25525b,Vintage varsity sweater/jumper - Wien University,Vintage,20.0,https://www.vinted.de/items/5313387531-vintage-varsity-sweaterjumper-wien-university,EUR,2024-11-01 19:21:49,2024-04-30
5313387373,https://images1.vinted.net/t/01_026e3_FEwr9uHxQSp83p6oUTxkkZnQ/f800/1730485237.jpeg?s=c8fa72026e5c625ce7b2412ff94dba3396fc5720,Zara Fellweste Gr. 140,Zara,18.0,https://www.vinted.de/items/5313387373-zara-fellweste-gr-140,EUR,2024-11-01 19:21:49,2024-04-30
5313387341,https://images1.vinted.net/t/02_015d1_NRh5DmgGuapSYT3cULECSUZB/f800/1730485237.jpeg?s=24d6b584cc311c1bed0012f05196954de4ed7345,Toller Jumpsuit von En fant 140,En Fant,14.0,https://www.vinted.de/items/5313387341-toller-jumpsuit-von-en-fant-140,EUR,2024-11-01 19:21:49,2024-04-30
5313387438,https://images1.vinted.net/t/03_01e92_HC3nXVxJjrbxNB65akTJEJoc/f800/1730485238.jpeg?s=813a1cb4ca8bead9469b9661ce24732422c18ad9,Weihnachten üå≤ Set von Tchibo Hund mit Lichterkette Tunika Kleid Leggings 122 128,Tchibo,8.0,https://www.vinted.de/items/5313387438-weihnachten-set-von-tchibo-hund-mit-lichterkette-tunika-kleid-leggings-122-128,EUR,2024-11-01 19:21:49,2024-04-30
5313387542,https://images1.vinted.net/t/04_00111_7Cy8kX3Kr4MRE2J8rKPWKaLa/f800/1730485240.jpeg?s=a8f7190972dbc73c910ce4299c7d0954a02120c7,Gr√ºner Pullover,Zara,5.0,https://www.vinted.de/items/5313387542-gruner-pullover,EUR,2024-11-01 19:21:50,2024-04-30
5313387630,https://images1.vinted.net/t/04_021b9_wnKKN5LuARhEoPMHob5Mrr7U/f800/1730485241.jpeg?s=fa15971e4f227d86437584291e9bcc7561f6451a,Nike Trainingsjacke,Nike,20.0,https://www.vinted.de/items/5313387630-nike-trainingsjacke,EUR,2024-11-01 19:21:50,2024-04-30
5313387526,https://images1.vinted.net/t/04_02213_dpMmvDy9G3DsukrhKTvRf6jL/f800/1730485239.jpeg?s=1d4178a315ab90da8bdc46e0add558fc65486f74,"Christbaumschmuck, Weihnachtsbaumschmuck, Eiszapfen, 3 St√ºck",Sonstiges,5.0,https://www.vinted.de/items/5313387526-christbaumschmuck-weihnachtsbaumschmuck-eiszapfen-3-stuck,EUR,2024-11-01 19:21:50,2024-04-30
5313387640,https://images1.vinted.net/t/04_01383_bmq1RhUxKYFZRQEBg3F3wcjr/f800/1730485241.jpeg?s=9e7b1004c06259f57d8a0b32c299719d1cb37e72,Liewood Snackschalen,Liewood,10.0,https://www.vinted.de/items/5313387640-liewood-snackschalen,EUR,2024-11-01 19:21:50,2024-04-30
5313387404,https://images1.vinted.net/t/04_0042e_F1gt5DJU3rzXPSS9pXXBLVzR/f800/1730485238.jpeg?s=d0970b527bab6db6a2dffc8c9a4d5c7974ed92da,S√º√ües Winter/Weihnachts Set,Baby Sweets,3.0,https://www.vinted.de/items/5313387404-susses-winterweihnachts-set,EUR,2024-11-01 19:21:50,2024-04-30
5313387480,https://images1.vinted.net/t/04_01c70_F9yG7N8RWwv38zQFD81AeCV4/f800/1730485239.jpeg?s=25b28d55f4d98ff4d7f837dd714c1f22b0a54c19,Wei√ües durchscheinendes Hemd,esm√© studios,5.0,https://www.vinted.de/items/5313387480-weisses-durchscheinendes-hemd,EUR,2024-11-01 19:21:50,2024-04-30
5313387414,https://images1.vinted.net/t/04_00378_dpZvMzqVYvcGo7tbJnUkNHns/f800/1730485238.jpeg?s=773255281b2ef35972097a6029dd37a95c9bdcd9,Kinderminispiele,Ohne,4.0,https://www.vinted.de/items/5313387414-kinderminispiele,EUR,2024-11-01 19:21:50,2024-04-30
5313387460,https://images1.vinted.net/t/04_01ef0_sJBeVZnjdW4tgdVvXgRCgxGf/f800/1730485238.jpeg?s=e49e7b1f651b69a166a933bf502df5358f0714fc,Fu√üsack Lammfell,Kaiser,50.0,https://www.vinted.de/items/5313387460-fusssack-lammfell,EUR,2024-11-01 19:21:50,2024-04-30
5313387272,https://images1.vinted.net/t/04_00446_z9x4yogzXGckz288b3u3LSip/f800/1730485236.jpeg?s=f4e187f469884ab3a1c10400361a923d98c8a398,Sidney Sheldon Zorn der Engel,,2.0,https://www.vinted.de/items/5313387272-sidney-sheldon-zorn-der-engel,EUR,2024-11-01 19:21:50,2024-04-30
5313387242,https://images1.vinted.net/t/04_02695_b3o4TMGVkAiVaigXSjeFjZWH/f800/1730485236.jpeg?s=8201aede2d93f7bc0bf7a8d23cfa077936738b3d,"Boots (neu, ungetragen)",Graceland,10.0,https://www.vinted.de/items/5313387242-boots-neu-ungetragen,EUR,2024-11-01 19:21:50,2024-04-30
5313387506,https://images1.vinted.net/t/03_01e8d_K1ZKri7rjFtKQXQrXH1G4J35/f800/1730485239.jpeg?s=f53fd033da56fa7654503b62797e3bd5e470caf3,Tabaluga Tonie Figur ab 5 Artikel gibt es 50%Rabatt,Tonies,17.0,https://www.vinted.de/items/5313387506-tabaluga-tonie-figur-ab-5-artikel-gibt-es-50rabatt,EUR,2024-11-01 19:21:50,2024-04-30
5313387299,https://images1.vinted.net/t/02_0049b_TxRw32zb8SZb8usqGce6QyU8/f800/1730485236.jpeg?s=81c08b92f4c81bc321efe6cc1f6b9792570e05e8,Cord Hose,Sonstiges,5.0,https://www.vinted.de/items/5313387299-cord-hose,EUR,2024-11-01 19:21:50,2024-04-30
5313387402,https://images1.vinted.net/t/01_01d05_7JBp2UoZxo7MCZorkEJRS4ks/f800/1730485238.jpeg?s=a688936ef519ce5c0af42b261e5f6d710d9b9e0b,Pullover,Sonstiges,4.0,https://www.vinted.de/items/5313387402-pullover,EUR,2024-11-01 19:21:51,2024-04-30
5313387259,https://images1.vinted.net/t/04_011fb_uwUqtDM3eJGBzE4rCS2JiufQ/f800/1730485236.jpeg?s=5a608d3bf9f23a3f17f3f15831c13161099a2c71,Pullover mit Blumenmuster,Joye + Fun,5.0,https://www.vinted.de/items/5313387259-pullover-mit-blumenmuster,EUR,2024-11-01 19:21:51,2024-04-30
5313386928,https://images1.vinted.net/t/02_0180b_sBV7y67v2U2QXpHqUG4Fw3Nw/f800/1730485232.jpeg?s=ed3ca73864bbe39044001583f75d8033e4887b53,Vintage Psychodelic hoddie.,Vintage Love,35.0,https://www.vinted.de/items/5313386928-vintage-psychodelic-hoddie,EUR,2024-11-01 19:21:51,2024-04-30
5313387235,https://images1.vinted.net/t/04_017fa_YNLZyRY65uoq6yZueseL7jer/f800/1730485236.jpeg?s=409421c53ff722e5225303198299dcb03980dbf2,2 Halst√ºcher Dreieckst√ºcher K√∂nig der L√∂wen,Sonstiges,5.0,https://www.vinted.de/items/5313387235-2-halstucher-dreieckstucher-konig-der-lowen,EUR,2024-11-01 19:21:51,2024-04-30
5313387216,https://images1.vinted.net/t/04_00703_XQBG9Nbc9Dpo3vzfjJo3jCXd/f800/1730485235.jpeg?s=b6728ab121f9191391410931dab7572ea45994a5,Overknees Winter Boots Knie hohe Schuhe,Sonstiges,12.0,https://www.vinted.de/items/5313387216-overknees-winter-boots-knie-hohe-schuhe,EUR,2024-11-01 19:21:51,2024-04-30
5313387346,https://images1.vinted.net/t/04_00f39_1N83UBvEpcNvW9LDAcopbUu6/f800/1730485237.jpeg?s=542ca65a1c2653789c41d29c9b35a4c20c3a9315,Jeanskleid,Esprit,8.0,https://www.vinted.de/items/5313387346-jeanskleid,EUR,2024-11-01 19:21:51,2024-04-30
5313387055,https://images1.vinted.net/t/01_0059d_ZXswEzdgSzfh2XvtSmjcipSP/f800/1730485233.jpeg?s=c1e8f4de266e3e56e9b4a6647a33752d19ef1e89,Tunika blau mit Bl√ºten Gr XXL made in Italy wie neu,Made In Italy,28.0,https://www.vinted.de/items/5313387055-tunika-blau-mit-bluten-gr-xxl-made-in-italy-wie-neu,EUR,2024-11-01 19:21:51,2024-04-30
5313387288,https://images1.vinted.net/t/04_01bdd_WfnnbbSV2dBpzgSjHLJCnmrG/f800/1730485236.jpeg?s=195f26a47aca8fca984faa1be8414e788eddf640,Sky force dvd,,2.0,https://www.vinted.de/items/5313387288-sky-force-dvd,EUR,2024-11-01 19:21:51,2024-04-30
